liquidationPrice,cumulativeDepth
3541.06,23.5000000000000000
3519.99,73.5000000000000000
3519.14,274.0855482422120174
3502.25,274.77954824221201740000
3490.84,288.77442052091821180000
3488.93,293.27442052091821180000
3450.35,337.27442052091821180000
3390.49,337.92329420841288632800
3361.56,466.92329420841288632800
3350.20,1469.51941408197928302800
3341.44,1478.19441408197928302800
3334.53,1479.19441408197928302800
3331.40,1494.19441408197928302800
3320.27,1502.77441408197928302800
3312.05,1547.94963354697621852800
3309.53,1562.95950629571575352800
3301.36,1712.95950629571575352800
3293.69,1731.45950629571575352800
3280.75,1768.32725074165107962800
3265.88,3823.61485796263132302800
3257.46,3893.61485796263132302800
3252.87,4421.13868712450011302800
3251.13,5924.13868712450011302800
3239.81,5932.08558712450011302800
3224.45,5935.58558712450011302800
3218.32,5947.38558712450011302800
3218.12,5956.38558712450011302800
3209.35,6117.38558712450011302800
3203.62,6126.80607924105415072800
3196.48,6130.80607924105415072800
3194.08,6166.80607924105415072800
3188.99,6169.40607924105415072800
3183.44,6185.11109157574849812800
3179.96,6195.91109157574849812800
3178.97,6211.91109157574849812800
3176.60,6227.68109157574849812800
3175.59,6228.38109157574849812800
3173.38,6260.75719157574849812800
3173.21,6297.75719157574849812800
3168.72,6300.75719157574849812800
3161.73,6370.75719157574849812800
3157.11,6371.45719157574849812800
3157.00,6372.85719157574849812800
3157.00,6372.85719157574849812800
3145.43,6386.85719157574849812800
3139.16,6789.56508273101023672800
3133.99,9934.28911392608582292800
3129.05,10064.28911392608582292800
3128.45,13114.73616102630761612800
3127.70,13121.78276102630761612800
3121.70,13136.78749754737658402800
3116.10,13168.78749754737658402800
3111.48,13306.78749754737658402800
3111.10,14188.78749754737658402800
3101.29,14232.22189754737658402800
3099.24,14357.22189754737658402800
3096.44,14366.22189754737658402800
3095.67,14370.22189754737658402800
3091.20,14409.54067257592791142800
3090.95,14413.54067257592791142800
3088.09,15610.54067257592791142800
3086.24,15644.28797257592791142800
3082.78,15734.28797257592791142800
3079.97,15741.73797257592791142800
3068.24,15749.73797257592791142800
3061.29,15880.39697257592791142800
3046.72,15884.59697257592791142800
3044.78,15885.59699257592791142800
3043.38,16220.59699257592791142800
3041.42,16329.59699257592791142800
3039.91,16330.39699257592791142800
3034.27,16358.39699257592791142800
3030.50,16811.89699257592791142800
3027.65,16993.89699257592791142800
3022.10,17001.90489257592791142800
3018.83,17095.40489257592791142800
3015.72,17097.30489257592791142800
3013.94,17100.30489257592791142800
3007.57,17181.33919257592791142800
3006.49,23994.63679748330381792800
3001.42,24011.94517452848504502800
2999.70,24024.41097452848504502800
2998.04,74024.50351405826804502800
2996.49,74545.51081405826804502800
2994.88,75272.91081405826804502800
2991.29,75275.65670153967101912800
2984.01,75302.65670153967101912800
2983.42,75321.90670153967101912800
2979.68,75332.90670153967101912800
2978.40,75336.50670153967101912800
2977.79,75413.42930153967101912800
2975.36,75482.79854501289657892800
2972.76,75982.86901874496415162800
2969.46,76056.92123240811176212800
2964.62,76140.89807732051805982800
2959.92,76144.52057732051805982800
2956.03,76145.27057732051805982800
2952.53,76169.77057732051805982800
2947.67,76172.47057732051805982800
2946.81,76173.37057732051805982800
2937.96,76387.93497732051805982800
2933.33,76388.68497732051805982800
2929.77,76420.84152537633160412800
2928.11,76541.84152537633160412800
2926.81,78264.34152537633160412800
2925.93,78270.34152537633160412800
2923.50,78856.54152537633160412800
2918.41,78861.54152537633160412800
2915.21,78865.54152537633160412800
2912.25,79055.54152537633160412800
2909.92,79069.37302537633160412800
2901.98,81475.37302537633160412800
2896.17,81505.43461353651379172800
2892.05,81510.81111353651379172800
2889.05,82185.06631353651379172800
2885.22,82203.36631353651379172800
2884.88,82205.36631353651379172800
2880.62,82225.36631353651379172800
2880.43,82359.07671353651379172800
2876.00,82493.07671353651379172800
2873.75,82497.07671353651379172800
2873.75,82497.07671353651379172800
2871.65,82518.32671353651379172800
2867.60,82543.32671353651379172800
2866.78,82584.00161353651379172800
2866.72,82613.00161353651379172800
2860.68,82617.40161353651379172800
2847.93,82717.40161353651379172800
2837.45,82729.03840495036757602800
2834.90,83314.03840495036757602800
2833.04,83564.10680495036757602800
2829.41,83581.10680495036757602800
2826.99,83610.91080495036757602800
2821.16,83614.91080495036757602800
2819.99,83629.49374485031966292800
2819.08,83663.49374485031966292800
2818.01,83718.49374485031966292800
2816.69,83719.94554485031966292800
2815.28,83734.94554485031966292800
2813.87,83751.94554485031966292800
2809.44,83771.94554485031966292800
2805.69,83777.94554485031966292800
2798.65,83902.54997896941676592800
2792.65,83910.54997896941676592800
2792.35,83939.54997896941676592800
2789.54,83940.57997896941676592800
2788.71,83960.47997896941676592800
2786.67,83966.47997896941676592800
2786.00,83984.47997896941676592800
2778.30,83996.47997896941676592800
2777.12,83997.79359435865896882800
2776.58,85423.72359435865896882800
2773.03,85436.72359435865896882800
2771.10,85466.72359435865896882800
2765.96,85566.72359435865896882800
2762.69,85567.52359435865896882800
2754.57,86067.52359435865896882800
2753.14,86072.82359435865896882800
2750.02,86102.82359435865896882800
2748.42,86133.07359435865896882800
2744.74,86268.07359435865896882800
2742.22,89178.78342081693305372800
2740.79,89245.89605531795184102800
2736.02,89306.39605531795184102800
2734.53,89316.39605531795184102800
2734.28,89319.89605531795184102800
2733.95,89334.53475531795184102800
2731.15,89342.30391741184551922800
2724.70,89344.45391741184551922800
2723.08,89393.40708657329882202800
2715.74,89474.90708657329882202800
2711.26,89653.67538657329882202800
2709.13,89665.95538657329882202800
2699.81,89667.94036326195378172800
2698.63,89704.99295134932369102800
2697.57,91540.14565134932369102800
2697.34,91603.14565134932369102800
2697.04,91605.07465134932369102800
2691.44,91609.67465134932369102800
2685.90,91624.57465134932369102800
2684.17,91773.57465134932369102800
2678.96,91808.57465134932369102800
2674.90,92098.57465134932369102800
2672.84,92298.57465134932369102800
2669.65,92325.57465134932369102800
2667.08,92371.07465134932369102800
2664.21,92391.07465134932369102800
2663.29,92414.73465134932369102800
2650.03,92466.73465134932369102800
2641.10,92467.57154149783791686200
2638.63,92509.57154149783791686200
2637.98,92530.57154149783791686200
2636.34,92589.57154149783791686200
2635.42,92608.53154149783791686200
2634.20,92611.25901813498672736200
2629.50,92711.25901813498672736200
2629.25,92964.25901813498672736200
2628.03,93006.40901813498672736200
2626.79,93019.90901813498672736200
2624.85,93020.90901813498672736200
2623.50,93075.90901813498672736200
2618.22,93144.36741813498672736200
2617.45,93199.36741813498672736200
2617.43,93273.36741813498672736200
2613.51,93328.36741813498672736200
2610.42,93429.22348346898672736200
2608.74,93581.22348346898672736200
2604.78,93669.92348346898672736200
2598.07,93701.92348346898672736200
2597.67,93786.92348346898672736200
2596.63,93821.92348346898672736200
2596.54,93836.38878346898672736200
2595.32,93860.36629427536385586200
2595.05,93875.36629427536385586200
2593.10,93912.11629427536385586200
2591.95,93912.96889427536385586200
2590.63,93925.86889427536385586200
2588.81,93981.20209427536385586200
2587.27,93993.20209427536385586200
2585.88,94073.20209427536385586200
2578.18,94673.20209427536385586200
2575.74,94752.05076082393234786200
2570.43,94754.61076082393234786200
2570.27,94904.61076082393234786200
2568.53,94979.61076082393234786200
2566.71,95470.61076082393234786200
2563.05,95871.11076082393234786200
2561.36,95985.11076082393234786200
2560.27,96185.11076082393234786200
2560.23,96190.79702528614519326200
2558.01,96200.79702528614519326200
2556.32,96263.16134302525578156200
2551.62,96265.28384302525578156200
2550.41,96379.28384302525578156200
2547.43,96387.83384302525578156200
2544.88,96487.83384302525578156200
2540.13,96493.73384302525578156200
2539.26,96494.73384302525578156200
2534.05,96526.23384302525578156200
2532.63,96527.53613223156007636200
2532.43,96529.15304597978881296200
2531.11,96541.25304597978881296200
2529.06,96547.75304597978881296200
2528.94,96579.75304597978881296200
2528.08,96606.08384597978881296200
2527.28,96606.95826447978881296200
2521.97,96630.19546447978881296200
2515.93,97127.39546447978881296200
2510.10,97479.95556447978881296200
2508.38,97627.25556447978881296200
2506.31,97648.98556447978881296200
2504.59,97662.98556447978881296200
2490.82,97687.48556447978881296200
2489.31,97807.48556447978881296200
2486.64,97887.48556447978881296200
2483.05,97888.37556447978881296200
2475.73,97895.60890042026367926200
2473.91,97896.50220042026367926200
2472.82,97933.50220042026367926200
2468.62,98203.50220042026367926200
2466.78,98741.92220042026367926200
2464.49,98745.37694009379291826200
2461.29,98803.22943379393585896200
2460.30,98808.72943379393585896200
2459.46,98815.92943379393585896200
2458.14,98851.92943379393585896200
2450.52,99156.91344789647039166200
2448.65,99171.96474789647039166200
2446.40,99196.96474789647039166200
2446.26,99346.96474789647039166200
2445.81,99354.96474789647039166200
2445.23,99428.57259480833922576200
2442.52,99439.07259480833922576200
2441.96,99507.07259480833922576200
2439.42,99697.07259480833922576200
2432.00,100865.06779480833922576200
2431.15,100866.06779480833922576200
2431.14,100867.06779480833922576200
2431.02,100868.06779480833922576200
2430.08,100870.66079480833922576200
2427.45,100897.16079480833922576200
2427.39,100900.21069480833922576200
2426.29,108300.21073048795959066200
2426.14,108373.38664866140514876200
2422.46,108464.38664866140514876200
2420.00,108466.38664866140514876200
2420.00,108466.38664866140514876200
2414.17,108495.32274866140514876200
2412.94,108499.76644866140514876200
2410.24,109200.24704866140514876200
2408.78,109285.24704866140514876200
2407.41,109286.25704866140514876200
2406.58,109668.25704866140514876200
2405.54,109693.85704866140514876200
2400.38,109700.85704866140514876200
2397.68,109777.03005798995270876200
2397.32,109787.23005798995270876200
2395.00,109943.73005798995270876200
2391.68,109950.73005798995270876200
2383.33,111150.73005798995270876200
2382.96,111154.73007604112184906200
2376.64,111999.23007604112184906200
2374.32,112083.36519050961506296200
2371.85,112111.36519050961506296200
2370.76,112611.36519050961506296200
2370.70,112620.54443596511740916200
2370.09,112621.54443596511740916200
2367.86,112646.54443596511740916200
2365.70,112714.04443596511740916200
2364.53,112874.04443596511740916200
2364.34,112911.54443596511740916200
2363.41,113101.54443596511740916200
2362.24,117065.54443596511740916200
2360.67,117076.04443596511740916200
2360.23,117226.04443596511740916200
2358.29,117235.04443596511740916200
2357.14,117240.99443596511740916200
2351.48,117527.99443596511740916200
2350.72,117927.99443596511740916200
2350.45,117992.99443596511740916200
2342.40,118162.99443596511740916200
2333.19,118942.99443596511740916200
2329.99,118944.32443596511740916200
2329.70,119039.32443596511740916200
2327.75,119091.18633596511740916200
2326.26,119092.13633596511740916200
2324.63,119099.13882365993339856200
2324.38,129099.13882365993339856200
2321.35,129101.13882365993339856200
2320.69,129163.16478066029450936200
2314.15,129167.17791112319178236200
2312.42,129191.17791112319178236200
2312.31,129239.17791112319178236200
2312.31,129239.17791112319178236200
2310.73,129539.17791112319178236200
2310.66,129582.17791112319178236200
2309.67,129613.43841112319178236200
2303.74,129660.43841112319178236200
2303.44,130380.43841112319178236200
2300.49,130395.43841112319178236200
2300.43,130416.43841112319178236200
2299.73,130417.73584844976913266200
2299.00,130420.23584844976913266200
2298.71,133485.23584844976913266200
2295.57,133535.23584844976913266200
2291.12,133540.54584844976913266200
2289.83,133544.74584844976913266200
2288.56,133657.74584844976913266200
2288.53,133660.74584844976913266200
2288.17,133692.74584844976913266200
2287.01,133724.74584844976913266200
2285.16,133804.74584844976913266200
2285.08,133807.74584844976913266200
2284.85,133945.74584844976913266200
2281.31,133961.24584844976913266200
2280.08,134481.24584844976913266200
2278.98,134500.74584844976913266200
2278.84,134515.10214844976913266200
2278.17,134595.10214844976913266200
2277.19,134605.10214844976913266200
2277.01,134630.20214844976913266200
2275.82,135114.27098094329645476200
2274.98,135126.52098094329645476200
2274.64,135131.47787368028728076200
2274.56,135142.11577368028728076200
2272.89,135160.13594433028728076200
2270.02,135180.63594433028728076200
2266.05,135184.63594433028728076200
2266.03,135188.63594433028728076200
2264.18,135215.13594433028728076200
2262.83,135516.63594433028728076200
2259.92,135521.13594433028728076200
2258.58,135523.43594433028728076200
2256.58,135528.43594433028728076200
2255.69,135558.43594433028728076200
2255.48,135563.43594433028728076200
2255.03,135573.43594433028728076200
2255.03,135573.43594433028728076200
2255.01,135583.43594433028728076200
2255.01,135583.43594433028728076200
2248.14,135931.43594433028728076200
2247.71,135937.43594433028728076200
2244.88,136427.43594433028728076200
2244.23,136567.43594433028728076200
2241.89,136651.43594433028728076200
2240.48,136659.43594433028728076200
2237.74,136665.93594433028728076200
2236.86,136674.43594433028728076200
2233.79,136679.23594433028728076200
2233.53,136689.23594433028728076200
2233.02,136699.23594433028728076200
2233.00,136709.23594433028728076200
2231.69,137313.23594433028728076200
2228.02,137323.23594433028728076200
2227.04,137339.23594433028728076200
2226.49,137354.23594433028728076200
2225.75,137369.23594433028728076200
2225.67,137384.23594433028728076200
2224.65,137410.65353434326584196200
2222.01,137430.65353434326584196200
2220.86,137450.65353434326584196200
2220.46,137451.65353434326584196200
2219.83,137476.65353434326584196200
2216.77,137516.65353434326584196200
2215.24,137616.65353434326584196200
2214.51,137636.65353434326584196200
2213.96,137711.65353434326584196200
2213.84,138706.65353434326584196200
2210.70,138710.75353434326584196200
2210.31,138712.35353434326584196200
2210.29,138713.85353434326584196200
2210.25,138714.85353434326584196200
2209.99,138715.85353434326584196200
2209.92,138717.85353434326584196200
2209.92,138717.85353434326584196200
2209.90,138719.85353434326584196200
2209.90,138719.85353434326584196200
2208.58,138759.85353434326584196200
2207.36,138760.85020062852066742200
2207.35,138761.84686865332150503400
2206.44,138801.84686865332150503400
2206.15,138813.34686865332150503400
2204.84,138862.34686865332150503400
2204.18,138864.94686865332150503400
2200.02,138874.94686865332150503400
2200.00,139374.94686865332150503400
2199.99,139414.94686865332150503400
2196.71,139442.74686865332150503400
2194.36,139462.74686865332150503400
2194.31,140017.82578046808377523400
2192.68,140065.32578046808377523400
2188.75,140705.32578046808377523400
2186.03,140956.32578046808377523400
2185.19,141095.96328046808377523400
2184.63,141596.96328046808377523400
2176.81,141614.84706855946561823400
2173.17,142783.94706855946561823400
2166.76,142813.94706855946561823400
2163.46,142831.94706855946561823400
2156.93,142842.94706855946561823400
2156.65,142923.94706855946561823400
2156.51,142987.94706855946561823400
2156.38,142993.63706855946561823400
2155.60,143020.50076855946561823400
2154.09,143051.60076855946561823400
2153.96,143098.10076855946561823400
2153.89,143113.60076855946561823400
2151.95,144443.60076855946561823400
2151.19,144446.96626855946561823400
2149.67,144504.70726855946561823400
2147.93,144507.70726855946561823400
2146.66,144589.70726855946561823400
2145.58,144770.39756855946561823400
2145.40,144804.39756855946561823400
2142.78,144859.49756855946561823400
2141.47,144870.54947591094752463400
2139.70,144872.46062271194286473400
2138.81,145022.46062271194286473400
2138.33,145076.91072271194286473400
2136.12,145157.71456799837142563400
2133.32,145162.22246799837142563400
2130.88,145182.22246799837142563400
2128.71,145184.92246799837142563400
2128.70,145239.32246799837142563400
2127.62,145246.62246799837142563400
2122.98,145256.62246799837142563400
2120.33,145346.62246799837142563400
2117.42,147638.80926799837142563400
2117.20,147759.00926799837142563400
2112.96,147776.50926799837142563400
2112.60,147785.50926799837142563400
2111.43,147916.50926799837142563400
2110.48,148216.50926799837142563400
2109.38,148234.95663108295020283400
2107.80,148478.95663108295020283400
2106.99,148588.95663108295020283400
2106.83,148609.63663108295020283400
2104.22,148638.63663108295020283400
2101.55,148641.63663108295020283400
2099.13,149682.63666605937909943400
2098.17,149690.98166605937909943400
2090.79,150690.98166605937909943400
2089.33,151090.98166605937909943400
2087.32,151106.98166605937909943400
2086.98,151117.68166605937909943400
2086.57,151133.68166605937909943400
2084.89,151140.68166605937909943400
2083.38,151353.87566605937909943400
2083.25,151385.87566605937909943400
2081.13,151387.04378402126853603400
2080.46,151396.27378402126853603400
2075.57,151476.27378402126853603400
2074.63,151478.27378402126853603400
2071.44,151805.96118402126853603400
2067.92,152391.96118402126853603400
2067.89,152396.28118402126853603400
2065.41,152400.29548402126853603400
2063.52,152478.08458402126853603400
2059.14,152486.08458402126853603400
2057.82,152636.08458402126853603400
2053.42,152666.87888402126853603400
2044.66,152682.66888402126853603400
2041.03,152915.66888402126853603400
2036.91,154615.66888402126853603400
2036.53,154620.66888402126853603400
2032.72,154690.66888402126853603400
2030.11,154691.86888402126853603400
2030.01,154702.86888402126853603400
2027.27,154710.76888402126853603400
2025.33,154843.26888402126853603400
2023.03,154883.26888402126853603400
2021.16,154998.26888402126853603400
2020.04,155020.26888402126853603400
2018.80,155137.26950872811339993400
2011.90,155147.26950872811339993400
2011.00,155367.26950872811339993400
2009.53,155408.26950872811339993400
2009.19,155413.88376231811339993400
2006.89,155578.88376231811339993400
2004.58,155593.88376231811339993400
2004.57,155608.88376231811339993400
2004.31,155612.88376231811339993400
2001.53,155620.88376231811339993400
2000.00,155621.98376231811339993400
1994.31,155642.88376231811339993400
1993.85,155763.88376231811339993400
1992.36,155773.47801831811339993400
1990.68,155845.47801831811339993400
1990.06,155867.13801831811339993400
1989.18,155868.63801831811339993400
1986.83,155898.17005207291339993400
1986.40,155921.93655749172130033400
1981.90,155924.83655749172130033400
1981.72,156027.83655749172130033400
1981.68,156029.03655749172130033400
1978.90,156206.03655749172130033400
1976.77,156290.03655749172130033400
1972.80,156317.03655749172130033400
1966.10,156767.03655749172130033400
1964.93,156829.03655749172130033400
1964.66,156860.03655749172130033400
1962.75,156878.73655749172130033400
1961.48,167247.73615749172130033400
1956.63,167257.73615749172130033400
1955.56,167260.43615749172130033400
1951.19,167390.43615749172130033400
1948.69,167399.34465749172130033400
1947.96,167456.34465749172130033400
1945.64,167476.34465749172130033400
1943.63,167513.34465749172130033400
1943.15,167713.84465749172130033400
1942.49,167806.84465749172130033400
1940.76,167823.99244324040026993400
1940.40,168323.99244324040026993400
1938.44,168331.24244324040026993400
1937.17,168814.44244324040026993400
1936.91,168914.44244324040026993400
1934.69,172914.44244324040026993400
1934.50,172922.44244324040026993400
1934.48,172926.44244324040026993400
1931.31,172946.44244324040026993400
1930.36,173236.44244324040026993400
1930.19,173239.42014442775649763400
1928.52,173939.42014442775649763400
1927.39,173985.42014442775649763400
1927.02,174153.60634442775649763400
1926.65,174203.60634442775649763400
1926.64,174210.60634442775649763400
1924.99,174410.60634442775649763400
1922.35,174482.60636176768692613400
1919.95,174580.60636176768692613400
1918.27,174583.60636176768692613400
1911.21,174586.60636176768692613400
1909.23,174736.60636176768692613400
1907.69,174737.93866400479318003400
1906.81,175027.93866400479318003400
1904.37,175041.93866400479318003400
1903.27,175203.93866400479318003400
1902.59,175230.93866400479318003400
1901.44,175240.93866400479318003400
1900.25,175248.93866400479318003400
1896.04,175294.53296400479318003400
1895.59,175317.97668238558361123400
1894.29,175387.97668238558361123400
1892.36,175586.75458238558361123400
1891.39,175591.25458238558361123400
1889.12,175844.25458238558361123400
1888.41,175866.75458238558361123400
1886.13,184776.86388238558361123400
1885.36,185098.16388238558361123400
1884.76,185104.26388238558361123400
1882.47,185174.26388238558361123400
1881.55,185274.26388238558361123400
1879.18,185280.26388238558361123400
1878.77,185294.76388238558361123400
1877.19,185537.15639728194381563400
1876.63,250072.04487293714381563400
1875.14,250160.37124952714381563400
1873.45,250179.37124952714381563400
1872.57,250215.37124952714381563400
1871.85,250219.87124952714381563400
1870.73,250229.77124952714381563400
1865.03,250237.28424952714381563400
1865.02,250274.03424952714381563400
1862.01,256334.03424952714381563400
1861.37,256335.93434952714381563400
1859.99,256405.93434952714381563400
1857.26,256407.23434952714381563400
1856.21,256419.23434952714381563400
1855.50,256437.23434952714381563400
1855.28,256440.03434952714381563400
1852.69,256643.03434952714381563400
1852.36,256645.53434952714381563400
1849.86,256675.53434952714381563400
1849.72,256925.53434952714381563400
1848.66,256976.03434952714381563400
1848.43,257018.03434952714381563400
1847.76,257060.03434952714381563400
1846.23,257120.03434952714381563400
1841.73,257155.91674952714381563400
1841.66,257163.91674952714381563400
1841.56,257463.91674952714381563400
1836.33,257763.91674952714381563400
1836.08,257839.31674952714381563400
1835.22,258935.13127483265351563400
1834.53,259046.13127483265351563400
1832.23,259060.93127483265351563400
1829.07,259071.93127483265351563400
1828.45,259078.93127483265351563400
1828.36,259763.93127483265351563400
1825.01,259882.89877474262409533400
1823.97,259890.89877474262409533400
1818.79,260291.45117474262409533400
1818.23,260431.45117474262409533400
1816.44,261079.98061176499108593400
1815.87,261140.98061176499108593400
1812.82,261145.98061176499108593400
1811.05,261155.98061176499108593400
1806.94,261905.98061176499108593400
1804.38,261910.06971803995925293400
1804.27,261991.06971803995925293400
1801.15,263948.17768752628459173400
1796.10,263951.37768752628459173400
1794.41,264050.37768752628459173400
1793.94,264053.05768752628459173400
1790.31,264084.05768752628459173400
1789.26,264149.05768752628459173400
1787.50,264150.41768752628459173400
1786.40,264200.41768752628459173400
1783.42,264262.41768752628459173400
1780.87,264458.70268752628459173400
1779.42,264461.93268752628459173400
1779.28,264483.80268752628459173400
1777.80,264508.80268752628459173400
1777.61,264533.80268752628459173400
1773.45,264583.80268752628459173400
1773.43,264633.80268752628459173400
1769.78,264648.75879228152950623400
1769.21,264660.75879228152950623400
1768.58,264665.25879228152950623400
1768.26,264667.25879228152950623400
1766.21,264742.25879228152950623400
1766.00,264800.61996131045313823400
1765.70,264806.61996131045313823400
1759.98,265306.61996690744809763400
1757.50,265316.36996690744809763400
1756.29,265511.37016690744809763400
1754.99,265535.37016690744809763400
1754.00,265559.37016690744809763400
1752.19,265682.85350205562774213400
1748.78,265685.85350205562774213400
1747.78,265697.75350205562774213400
1746.34,265728.75350205562774213400
1746.21,265766.75350205562774213400
1743.50,265801.75350205562774213400
1742.81,267651.43363996893626773400
1739.46,267702.43363996893626773400
1739.21,267703.83143996893626773400
1738.73,267735.83143996893626773400
1736.63,267845.83839238017528523400
1729.35,267923.83839238017528523400
1728.12,270347.83839238017528523400
1726.04,270350.83839238017528523400
1725.39,271150.83839238017528523400
1723.65,271161.33839238017528523400
1721.90,271215.75009238017528523400
1720.25,271260.75009238017528523400
1718.96,271389.11583180725930573400
1718.71,271391.45583180725930573400
1716.39,272236.45583180725930573400
1713.33,272240.45583180725930573400
1709.38,272275.45583180725930573400
1707.97,272325.45583180725930573400
1706.94,273325.45583180725930573400
1706.81,273703.45583180725930573400
1700.69,273783.20583180725930573400
1697.56,277918.63183180725930573400
1697.16,278003.63183180725930573400
1695.97,278010.93183180725930573400
1694.94,278016.93183180725930573400
1694.90,278022.93183180725930573400
1694.63,278147.93183180725930573400
1693.73,278174.60183180725930573400
1693.24,278178.32266184753389903400
1692.35,278379.32266184753389903400
1691.88,278396.32266184753389903400
1690.63,278476.32266184753389903400
1690.59,278500.32266184753389903400
1690.17,281500.32266184753389903400
1689.86,281531.43199796137373693400
1685.76,281539.43199796137373693400
1680.08,281543.18199796137373693400
1679.66,281600.68199796137373693400
1678.54,281831.33007004196905643400
1675.05,281846.33007004196905643400
1674.81,281866.33007004196905643400
1673.81,282247.73007004196905643400
1673.27,282252.73007004196905643400
1669.32,282272.73007004196905643400
1665.73,282302.73007004196905643400
1664.56,282322.73007004196905643400
1663.76,282362.73007004196905643400
1662.85,282371.50857904196905643400
1662.47,284760.50857904196905643400
1661.92,284820.50857904196905643400
1661.00,284840.50857904196905643400
1660.67,284940.50857904196905643400
1658.80,285340.50857904196905643400
1657.86,285343.30857904196905643400
1657.69,285345.30857904196905643400
1657.64,285554.30857904196905643400
1656.70,285571.12377904196905643400
1654.32,285671.12377904196905643400
1654.19,285871.12377904196905643400
1654.06,285880.12377904196905643400
1651.25,285980.72377904196905643400
1651.13,285986.92377904196905643400
1650.69,286986.92377904196905643400
1650.01,326986.92377904196905643400
1650.00,326997.92377904196905643400
1650.00,326997.92377904196905643400
1649.17,327003.42377904196905643400
1648.75,327038.42377904196905643400
1647.55,327048.08800832936905643400
1644.18,327053.66800832936905643400
1643.16,328053.66800832936905643400
1642.66,328068.60800832936905643400
1639.81,328086.60800832936905643400
1637.27,328106.60800832936905643400
1637.23,328156.60800832936905643400
1634.40,328162.31131051224993643400
1626.58,328165.31131051224993643400
1625.21,328175.31131051224993643400
1624.70,328178.84935489324525583400
1622.43,328628.84935489324525583400
1621.94,328637.84935489324525583400
1620.83,328639.34935489324525583400
1620.67,328645.34935489324525583400
1620.67,328645.34935489324525583400
1620.67,328645.34935489324525583400
1620.67,328645.34935489324525583400
1620.60,328815.34935489324525583400
1618.19,328846.34935489324525583400
1615.90,328851.34935489324525583400
1615.17,328885.03295926072474843400
1613.69,328886.39629043482543183400
1611.32,328893.39629043482543183400
1610.72,328900.39629043482543183400
1610.09,329018.39629043482543183400
1607.50,329020.59629043482543183400
1606.28,329037.59629043482543183400
1602.22,331029.68969043482543183400
1600.75,331054.68969043482543183400
1598.92,331083.26355565897795933400
1595.85,331128.26355565897795933400
1591.94,331135.46355565897795933400
1591.93,331148.06355565897795933400
1591.71,331153.06355565897795933400
1591.34,331257.08059860343848773400
1591.08,331271.08059860343848773400
1590.87,331338.08059860343848773400
1586.15,331438.44619860343848773400
1585.45,331670.44619860343848773400
1585.10,331870.44619860343848773400
1584.84,331872.33237168284662723400
1584.59,331900.33237168284662723400
1584.54,332020.33237168284662723400
1582.67,332330.33237168284662723400
1582.43,332470.33237168284662723400
1582.43,332470.33237168284662723400
1581.39,332575.33237168284662723400
1580.68,333274.84340301264367603400
1578.88,333277.64340301264367603400
1578.52,333279.04340301264367603400
1577.96,333321.04340301264367603400
1576.57,333867.04340301264367603400
1575.61,335267.04340301264367603400
1575.07,335271.04340301264367603400
1572.37,336671.04340301264367603400
1571.39,336674.54340301264367603400
1569.92,336684.54340301264367603400
1568.71,336842.54340301264367603400
1563.91,336847.96279206895277153400
1563.50,336872.96279206895277153400
1561.26,336957.96279206895277153400
1561.10,336967.56279206895277153400
1560.81,337004.56279206895277153400
1559.84,337029.56279206895277153400
1559.48,337030.97351741798273873400
1556.94,337045.97351741798273873400
1554.35,337048.27351741798273873400
1552.03,337063.37351741798273873400
1551.81,337070.37351741798273873400
1551.39,338070.37351741798273873400
1547.67,338088.37351741798273873400
1547.57,338096.37351741798273873400
1547.40,338099.37351741798273873400
1546.73,338115.37351741798273873400
1541.83,338119.45978546238889203400
1540.00,338124.95978546238889203400
1538.68,338136.95978546238889203400
1533.97,338281.95978546238889203400
1532.94,338353.95978546238889203400
1529.96,338447.89237786452583413400
1529.88,338455.26237786452583413400
1529.73,340255.26237786452583413400
1528.47,340263.36237786452583413400
1525.98,340293.36237786452583413400
1523.48,340322.53251187285700913400
1521.65,340684.53251187285700913400
1519.32,340873.53251187285700913400
1515.08,341673.53251187285700913400
1514.32,341675.13785885759122633400
1513.39,341760.13785885759122633400
1509.91,341763.93785885759122633400
1508.59,341778.93785885759122633400
1503.06,341781.43785885759122633400
1502.24,341798.72165885759122633400
1500.43,341812.13046240759122633400
1500.00,341856.13046240759122633400
1499.01,341870.46984731680734703400
1498.46,341879.46984731680734703400
1497.17,341984.46984731680734703400
1495.26,341986.25834731680734703400
1492.83,341991.25834731680734703400
1492.15,341993.25834731680734703400
1491.88,341995.25834731680734703400
1491.13,342660.25834731680734703400
1489.56,342667.45834731680734703400
1488.67,342712.45834731680734703400
1488.67,342712.45834731680734703400
1488.67,342712.45834731680734703400
1488.65,342727.45834731680734703400
1487.40,342764.77079289088398803400
1486.57,342779.77079289088398803400
1484.27,342783.27079289088398803400
1481.24,342788.27079289088398803400
1480.94,342852.77079289088398803400
1480.69,343171.34460166376955803400
1477.54,344671.34460166376955803400
1475.57,344694.34460166376955803400
1473.62,344844.34460166376955803400
1467.09,344906.34460166376955803400
1464.24,344936.54460166376955803400
1459.89,344941.84460166376955803400
1459.20,344951.84460166376955803400
1459.18,344961.84460166376955803400
1457.29,344963.93460166376955803400
1456.79,344966.13460166376955803400
1450.63,344969.33460166376955803400
1450.52,344979.33460166376955803400
1446.99,345009.95020166376955803400
1446.62,345124.95020166376955803400
1442.99,345128.55020166376955803400
1442.02,345234.64896226496950543400
1441.55,345284.64896226496950543400
1439.33,345286.18432891165602823400
1438.10,345428.73432891165602823400
1436.90,345432.73432891165602823400
1436.88,345436.73432891165602823400
1436.84,345439.73432891165602823400
1433.28,345444.73432891165602823400
1432.74,345476.73432891165602823400
1432.63,345530.90516188221221303400
1428.60,345550.40516188221221303400
1419.89,345555.50496188221221303400
1417.63,345567.99932788723923733400
1414.60,345570.49932788723923733400
1413.32,345586.23662788723923733400
1411.02,345641.23662788723923733400
1409.39,345649.23662788723923733400
1409.38,345657.23662788723923733400
1409.22,345661.23662788723923733400
1406.66,345666.87662788723923733400
1403.25,345694.87662788723923733400
1399.76,345698.02662788723923733400
1395.72,345710.02662788723923733400
1394.52,345716.52662788723923733400
1393.21,345736.52662788723923733400
1388.32,346017.16812788723923733400
1387.99,347087.16812788723923733400
1387.86,347089.66812788723923733400
1387.55,347129.66812788723923733400
1387.38,347209.66812788723923733400
1387.38,347209.66812788723923733400
1387.08,359186.12395868426423733400
1386.84,359194.25395868426423733400
1384.63,359274.25395868426423733400
1382.14,359314.25395868426423733400
1378.84,359514.25395868426423733400
1377.47,359670.25395868426423733400
1376.46,359712.11745868426423733400
1375.49,359717.51745868426423733400
1375.40,359729.76370657931383123400
1375.12,359738.76690657931383123400
1375.00,359746.96690657931383123400
1371.75,359819.81900657931383123400
1371.74,360069.81900657931383123400
1371.19,360074.81900657931383123400
1370.60,360079.81900657931383123400
1367.44,361050.10900657931383123400
1366.49,361052.85900657931383123400
1366.15,362003.85900657931383123400
1365.73,362015.18351837320880273400
1365.52,362029.68351837320880273400
1363.56,362047.68351837320880273400
1363.52,362065.68351837320880273400
1363.09,362068.68351837320880273400
1361.98,362300.68351837320880273400
1353.54,362341.68351837320880273400
1353.52,371840.68797646459730273400
1351.68,371866.20477646459730273400
1349.39,371880.70477646459730273400
1348.71,371888.65477646459730273400
1348.61,371898.65477646459730273400
1346.44,372144.65494708183645683400
1343.09,372154.65494708183645683400
1340.83,372156.46802336914913523400
1336.92,372165.06802336914913523400
1333.94,372265.06802336914913523400
1330.90,373320.16802336914913523400
1326.23,373323.16802336914913523400
1326.06,373325.16802336914913523400
1324.34,373350.16802336914913523400
1323.06,373361.16802336914913523400
1321.83,374070.55322807607274643400
1320.00,374100.55322807607274643400
1320.00,374100.55322807607274643400
1320.00,374100.55322807607274643400
1319.61,374114.55322807607274643400
1318.85,374153.55404971855698003400
1313.89,374157.15404971855698003400
1312.57,374161.95404971855698003400
1311.40,374667.92404971855698003400
1308.35,374690.03123168454542523400
1307.36,374694.68123168454542523400
1303.34,374708.81173168454542523400
1302.93,374710.87155730321882523400
1302.45,374750.87155730321882523400
1298.30,374752.82067884436149313400
1296.18,374756.82067884436149313400
1294.96,375011.82067884436149313400
1294.72,375041.82067884436149313400
1294.12,375891.82067884436149313400
1292.60,375893.52267884436149313400
1289.29,375895.32267884436149313400
1289.17,375972.82267884436149313400
1287.28,375980.72267884436149313400
1283.50,375989.72267884436149313400
1283.33,376049.72267884436149313400
1283.33,376049.72267884436149313400
1283.11,376054.62497884436149313400
1283.08,376089.12497884436149313400
1282.37,376184.12497884436149313400
1281.00,376201.12497884436149313400
1280.78,376212.12497884436149313400
1278.77,376221.62467884436149313400
1276.96,376261.62467884436149313400
1274.96,376664.62467884436149313400
1268.44,378845.96627884436149313400
1266.55,378880.96627884436149313400
1265.00,378882.70627884436149313400
1259.84,378885.51337884436149313400
1258.73,382385.51337884436149313400
1257.17,389385.51337884436149313400
1254.00,389390.51337884436149313400
1253.48,389407.55861519177150513400
1250.88,389409.67881519177150513400
1249.22,389449.67881519177150513400
1248.48,391081.34661519177150513400
1247.34,391095.70379515604713513400
1246.67,391395.70379515604713513400
1246.00,391401.20379515604713513400
1243.76,391441.20379515604713513400
1243.56,391449.20379515604713513400
1240.06,391452.95249515604713513400
1237.50,391456.95249515604713513400
1235.42,391462.05249515604713513400
1234.37,391468.05249515604713513400
1231.21,391540.05249515604713513400
1228.26,391555.35249515604713513400
1225.81,391603.35249515604713513400
1225.19,391605.65249515604713513400
1224.67,391695.65249515604713513400
1221.98,391700.26709515604713513400
1221.30,391702.16709515604713513400
1219.49,391705.06709515604713513400
1216.05,391707.06709515604713513400
1215.52,391709.06709515604713513400
1214.04,391720.23919515604713513400
1214.02,391954.47419515604713513400
1212.31,391958.47419515604713513400
1211.07,391968.69716723358929313400
1210.00,391970.69716723358929313400
1209.56,391980.89716723358929313400
1208.79,391982.71716723358929313400
1201.37,392038.50936723358929313400
1201.34,392075.50936723358929313400
1200.20,392195.50936723358929313400
1200.05,392236.50936723358929313400
1195.50,392255.18910867949754113400
1193.51,392257.68910867949754113400
1192.47,392285.68910867949754113400
1190.06,392315.48910867949754113400
1188.72,392320.78910867949754113400
1184.62,392450.78910867949754113400
1184.54,392506.78910867949754113400
1181.73,392548.67684914734083623400
1178.85,392551.67684914734083623400
1178.84,392554.67684914734083623400
1178.83,392557.67684914734083623400
1178.79,392632.67684914734083623400
1178.57,392646.67684914734083623400
1175.56,392896.67684914734083623400
1174.09,392904.39684914734083623400
1171.88,393684.39684914734083623400
1169.48,393722.39684914734083623400
1167.02,403723.29684914734083623400
1166.85,403730.29684914734083623400
1163.55,403739.79684914734083623400
1162.61,403743.49705841094083623400
1158.15,403745.59705841094083623400
1157.89,403749.39705841094083623400
1157.89,403749.39705841094083623400
1156.07,403804.39705841094083623400
1155.41,403864.39705841094083623400
1155.00,403866.39705841094083623400
1154.73,403870.41705841094083623400
1154.50,404122.40415841094083623400
1150.95,404698.90415841094083623400
1150.33,404703.90373253325703993400
1139.29,404731.90373253325703993400
1136.93,404745.90373253325703993400
1136.93,404745.90373253325703993400
1134.25,404805.10373253325703993400
1131.43,404822.60373253325703993400
1131.09,404836.60373253325703993400
1129.41,404846.60373253325703993400
1127.51,404866.60373253325703993400
1127.51,404866.60373253325703993400
1127.50,404876.60373253325703993400
1126.68,404889.60373253325703993400
1121.39,404937.20373253325703993400
1120.64,404952.20373253325703993400
1120.56,404962.26568460294896483400
1120.17,404977.26568460294896483400
1116.50,404997.26568460294896483400
1116.15,412995.26568460294896483400
1114.30,413020.26568460294896483400
1110.48,413022.26568460294896483400
1109.91,413072.26568460294896483400
1109.74,413074.26568460294896483400
1109.19,413134.26568460294896483400
1108.58,413234.26568460294896483400
1108.19,413409.26568460294896483400
1107.71,413609.26568460294896483400
1107.71,413609.26568460294896483400
1107.70,413709.26568460294896483400
1106.73,413724.26568460294896483400
1105.34,413731.46568460294896483400
1105.01,413733.66568460294896483400
1104.96,413735.66568460294896483400
1104.95,413741.66568460294896483400
1104.95,413741.66568460294896483400
1104.95,413741.66568460294896483400
1104.40,413791.66568460294896483400
1103.38,413801.66568460294896483400
1100.10,413803.91568460294896483400
1100.00,413905.71568460294896483400
1100.00,413905.71568460294896483400
1100.00,413905.71568460294896483400
1100.00,413905.71568460294896483400
1100.00,413905.71568460294896483400
1100.00,413905.71568460294896483400
1100.00,413905.71568460294896483400
1094.50,413985.71568460294896483400
1093.04,413997.09853871621993393400
1089.22,414196.09853871621993393400
1089.00,414246.09853871621993393400
1087.97,417260.09853871621993393400
1086.42,417268.19853871621993393400
1083.94,417583.19853871621993393400
1083.71,417611.19853871621993393400
1079.66,417642.19853871621993393400
1078.99,417724.44853871621993393400
1078.28,417728.54853871621993393400
1062.01,417765.04853871621993393400
1061.42,427139.04853871621993393400
1060.25,427183.04853871621993393400
1059.89,427188.52892812721187843400
1054.80,427230.52892812721187843400
1054.32,427700.52892812721187843400
1053.49,427720.52892812721187843400
1049.91,427826.03386029571704443400
1044.00,427844.03386029571704443400
1040.38,427855.93386029571704443400
1031.63,427866.86488048300266423400
1031.61,427965.86488048300266423400
1030.60,427969.64434583927344973400
1025.93,427972.01574583927344973400
1021.43,427979.01574583927344973400
1020.44,428044.01574583927344973400
1016.95,428054.01574583927344973400
1014.93,437313.01574583927344973400
1013.77,437324.01574583927344973400
1011.90,437400.78984583927344973400
1010.00,437534.64524583927344973400
1009.26,438933.64524583927344973400
1009.26,438933.64524583927344973400
1008.23,448363.64524583927344973400
999.57,448369.39524583927344973400
997.50,448378.21725760080051563400
996.43,448381.21725760080051563400
991.28,448881.21725760080051563400
989.50,448886.21961587141668393400
986.90,448888.69961587141668393400
981.55,449001.69961587141668393400
978.68,449069.69961587141668393400
977.70,449071.94979211210390153400
972.53,449074.44979211210390153400
972.42,449076.94979211210390153400
972.40,449081.94979211210390153400
972.40,449081.94979211210390153400
971.20,449112.94979211210390153400
969.14,449328.77263022068175803400
956.49,449478.77263022068175803400
956.28,449628.77263022068175803400
951.79,449666.17263022068175803400
950.84,449686.17263022068175803400
948.42,449690.47263022068175803400
947.47,449695.37203022068175803400
943.79,449721.47966136068175803400
942.00,449726.40750768807966403400
941.27,449766.40750768807966403400
941.00,449774.27750768807966403400
940.78,449974.27750768807966403400
939.58,449986.27750768807966403400
934.55,450017.26670768807966403400
932.37,450028.76670768807966403400
928.47,450033.76670768807966403400
928.40,450038.76670768807966403400
923.08,450043.79552613272528103400
911.17,450076.79552613272528103400
909.04,450080.68592613272528103400
906.95,450085.68592613272528103400
906.80,450089.58592613272528103400
906.71,450159.58592613272528103400
904.93,450162.58592613272528103400
903.65,450172.58592613272528103400
902.24,450198.58592613272528103400
899.85,450213.58592613272528103400
898.10,450221.58592613272528103400
893.20,450246.58592613272528103400
888.97,450296.58592613272528103400
884.32,450309.58592613272528103400
881.95,451309.58592613272528103400
881.50,451459.69892613272528103400
880.44,451462.19892613272528103400
880.02,451487.69892613272528103400
880.00,451490.19892613272528103400
878.12,451493.95695307990506953400
874.68,451526.95695307990506953400
872.44,451539.88049407026008843400
871.40,451542.40516983210386043400
869.32,451687.40516983210386043400
867.33,451700.40516983210386043400
867.31,451713.40516983210386043400
867.17,451719.40516983210386043400
865.87,451725.00516983210386043400
857.34,451730.00516983210386043400
856.49,451734.00516983210386043400
854.55,451742.00516983210386043400
843.33,451772.00516983210386043400
840.11,451788.00516983210386043400
838.29,451790.90516983210386043400
831.80,451794.52796983210386043400
830.08,453794.52796983210386043400
825.00,453834.52796983210386043400
821.49,453845.52796983210386043400
820.41,457345.52796983210386043400
810.83,457350.98796983210386043400
810.40,457609.15626983210386043400
808.21,462509.15626983210386043400
806.67,462659.15626983210386043400
803.61,462661.90626983210386043400
797.82,462684.90626983210386043400
785.71,462705.90626983210386043400
782.59,462825.90626983210386043400
778.27,462925.90626983210386043400
761.60,462930.50626983210386043400
755.97,462945.50626983210386043400
755.06,462957.50626983210386043400
754.41,462965.56446983210386043400
750.42,462995.56446983210386043400
748.86,463005.56446983210386043400
744.34,463035.56446983210386043400
743.10,463065.56446983210386043400
737.14,463115.56446983210386043400
736.78,463118.56446983210386043400
736.64,463124.56446983210386043400
736.64,463124.56446983210386043400
736.63,463127.56446983210386043400
729.55,463143.06446983210386043400
725.16,463333.86446983210386043400
722.21,463414.86446983210386043400
719.62,463476.01414410111317433400
709.63,463489.11414410111317433400
694.83,463496.11414410111317433400
687.62,463596.11414410111317433400
684.50,463602.11414410111317433400
682.62,463614.11414410111317433400
681.54,463620.11414410111317433400
665.53,463720.11414410111317433400
664.36,463770.11414410111317433400
663.03,463774.11414410111317433400
654.26,463994.11414410111317433400
652.01,465032.11414410111317433400
648.20,465062.11414410111317433400
643.00,465067.61414410111317433400
641.53,465080.11513007209425463400
634.72,465087.11513007209425463400
623.76,465092.11513007209425463400
618.10,465096.83179640383989023400
614.74,465105.33179640383989023400
607.75,465113.33179640383989023400
607.75,465113.33179640383989023400
605.00,465122.83179640383989023400
584.10,465230.17729914707120033400
578.52,465238.17729914707120033400
566.71,465254.17729914707120033400
562.35,465450.17729914707120033400
553.77,465466.17729914707120033400
552.48,465470.17729914707120033400
531.30,465475.17729914707120033400
513.33,465490.17729914707120033400
504.32,465910.17729914707120033400
489.28,465915.17729914707120033400
486.21,465920.17729914707120033400
481.25,489920.18097561884020033400
471.43,489927.18097561884020033400
464.99,489931.93357561884020033400
455.79,490029.43357561884020033400
451.66,490034.83357561884020033400
441.99,490039.83357561884020033400
440.00,490044.83357561884020033400
376.47,490050.67737691930147073400
332.39,490062.17737691930147073400
286.00,490070.67737691930147073400
244.75,490080.67737691930147073400
243.13,490090.67737691930147073400
220.00,490150.67737691930147073400
220.00,490150.67737691930147073400
210.73,490172.40121528307785993400
210.06,490212.40931354678471323400
203.69,490224.40931354678471323400
86.52,490250.16491164072691343400
40.88,490325.16491164072691343400
5.50,490725.16491164072691343400
