time,open,high,low,close
1641191760,9.15,9.17,9.146,9.17
1641191820,9.168,9.176,9.152,9.153
1641191880,9.162,9.163,9.138,9.15
1641191940,9.153,9.164,9.151,9.16
1641192000,9.157,9.164,9.151,9.163
1641192060,9.163,9.17,9.156,9.17
1641192120,9.168,9.17,9.156,9.157
1641192180,9.155,9.16,9.152,9.16
1641192240,9.156,9.156,9.136,9.136
1641192300,9.135,9.135,9.12,9.127
1641192360,9.127,9.13,9.12,9.128
1641192420,9.13,9.13,9.125,9.128
1641192480,9.126,9.126,9.104,9.104
1641192540,9.107,9.122,9.107,9.115
1641192600,9.113,9.115,9.103,9.11
1641192660,9.11,9.13,9.103,9.115
1641192720,9.116,9.116,9.099,9.1
1641192780,9.105,9.105,9.085,9.093
1641192840,9.093,9.097,9.092,9.096
1641192900,9.096,9.108,9.079,9.093
1641192960,9.092,9.096,9.08,9.08
1641193020,9.079,9.088,9.068,9.087
1641193080,9.083,9.083,9.064,9.07
1641193140,9.072,9.087,9.072,9.085
1641193200,9.086,9.086,9.062,9.063
1641193260,9.063,9.068,9.06,9.06
1641193320,9.064,9.066,9.053,9.059
1641193380,9.054,9.056,9.042,9.052
1641193440,9.052,9.052,9.041,9.05
1641193500,9.05,9.05,9.038,9.038
1641193560,9.038,9.051,9.038,9.043
1641193620,9.045,9.048,9.041,9.045
1641193680,9.045,9.06,9.043,9.057
1641193740,9.061,9.068,9.054,9.067
1641193800,9.066,9.067,9.061,9.061
1641193860,9.061,9.061,9.043,9.052
1641193920,9.055,9.067,9.055,9.065
1641193980,9.065,9.069,9.061,9.063
1641194040,9.063,9.068,9.06,9.062
1641194100,9.062,9.062,9.042,9.058
1641194160,9.058,9.063,9.054,9.063
1641194220,9.064,9.065,9.058,9.064
1641194280,9.064,9.065,9.055,9.06
1641194340,9.06,9.084,9.058,9.083
1641194400,9.086,9.098,9.082,9.094
1641194460,9.097,9.127,9.097,9.121
1641194520,9.124,9.131,9.123,9.126
1641194580,9.124,9.128,9.106,9.121
1641194640,9.121,9.13,9.117,9.128
1641194700,9.128,9.157,9.128,9.135
1641194760,9.136,9.148,9.135,9.135
1641194820,9.133,9.145,9.125,9.145
1641194880,9.145,9.146,9.127,9.129
1641194940,9.13,9.147,9.13,9.133
1641195000,9.134,9.153,9.132,9.147
1641195060,9.151,9.151,9.139,9.139
1641195120,9.137,9.137,9.115,9.116
1641195180,9.117,9.135,9.117,9.13
1641195240,9.133,9.145,9.133,9.143
1641195300,9.143,9.143,9.127,9.136
1641195360,9.135,9.135,9.12,9.126
1641195420,9.131,9.139,9.131,9.137
1641195480,9.137,9.143,9.137,9.143
1641195540,9.141,9.141,9.123,9.125
1641195600,9.124,9.124,9.11,9.118
1641195660,9.118,9.118,9.104,9.107
1641195720,9.106,9.112,9.096,9.111
1641195780,9.104,9.104,9.088,9.088
1641195840,9.087,9.089,9.077,9.08
1641195900,9.079,9.083,9.072,9.08
1641195960,9.08,9.081,9.056,9.064
1641196020,9.063,9.072,9.058,9.061
1641196080,9.063,9.07,9.061,9.07
1641196140,9.072,9.072,9.058,9.058
1641196200,9.061,9.07,9.061,9.064
1641196260,9.069,9.095,9.069,9.095
1641196320,9.097,9.099,9.07,9.074
1641196380,9.075,9.079,9.066,9.076
1641196440,9.078,9.081,9.071,9.071
1641196500,9.07,9.07,9.06,9.064
1641196560,9.07,9.077,9.066,9.074
1641196620,9.073,9.077,9.073,9.073
1641196680,9.073,9.088,9.073,9.085
1641196740,9.084,9.094,9.084,9.092
1641196800,9.089,9.12,9.089,9.11
1641196860,9.109,9.11,9.082,9.1
1641196920,9.099,9.11,9.09,9.1
1641196980,9.097,9.105,9.089,9.101
1641197040,9.102,9.121,9.102,9.118
1641197100,9.12,9.134,9.116,9.116
1641197160,9.118,9.123,9.114,9.123
1641197220,9.123,9.127,9.107,9.111
1641197280,9.11,9.123,9.103,9.121
1641197340,9.124,9.13,9.106,9.109
1641197400,9.11,9.121,9.104,9.11
1641197460,9.111,9.116,9.104,9.104
1641197520,9.106,9.124,9.106,9.124
1641197580,9.122,9.122,9.107,9.109
1641197640,9.11,9.115,9.11,9.115
1641197700,9.116,9.119,9.099,9.099
1641197760,9.105,9.107,9.088,9.088
1641197820,9.09,9.095,9.073,9.075
1641197880,9.075,9.081,9.075,9.078
1641197940,9.08,9.096,9.08,9.096
1641198000,9.093,9.111,9.087,9.11
1641198060,9.108,9.113,9.102,9.102
1641198120,9.103,9.105,9.096,9.102
1641198180,9.102,9.112,9.101,9.108
1641198240,9.108,9.108,9.103,9.103
1641198300,9.103,9.103,9.09,9.095
1641198360,9.098,9.101,9.096,9.101
1641198420,9.099,9.11,9.099,9.11
1641198480,9.108,9.112,9.107,9.107
1641198540,9.106,9.106,9.091,9.098
1641198600,9.104,9.105,9.093,9.094
1641198660,9.094,9.097,9.092,9.094
1641198720,9.091,9.091,9.082,9.082
1641198780,9.083,9.092,9.082,9.084
1641198840,9.085,9.086,9.075,9.075
1641198900,9.076,9.084,9.076,9.084
1641198960,9.084,9.092,9.074,9.088
1641199020,9.085,9.089,9.081,9.088
1641199080,9.089,9.095,9.082,9.088
1641199140,9.085,9.086,9.073,9.074
1641199200,9.075,9.077,9.062,9.062
1641199260,9.063,9.077,9.061,9.076
1641199320,9.072,9.101,9.072,9.096
1641199380,9.094,9.117,9.091,9.109
1641199440,9.104,9.107,9.092,9.092
1641199500,9.093,9.1,9.093,9.096
1641199560,9.098,9.098,9.085,9.09
1641199620,9.09,9.09,9.08,9.082
1641199680,9.081,9.083,9.078,9.078
1641199740,9.079,9.087,9.078,9.082
1641199800,9.078,9.091,9.076,9.081
1641199860,9.081,9.093,9.081,9.086
1641199920,9.088,9.092,9.082,9.084
1641199980,9.082,9.096,9.082,9.09
1641200040,9.09,9.097,9.09,9.097
1641200100,9.095,9.095,9.084,9.087
1641200160,9.088,9.111,9.085,9.109
1641200220,9.11,9.121,9.106,9.12
1641200280,9.119,9.13,9.107,9.13
1641200340,9.123,9.142,9.123,9.137
1641200400,9.138,9.15,9.137,9.147
1641200460,9.147,9.147,9.123,9.135
1641200520,9.133,9.14,9.131,9.14
1641200580,9.141,9.155,9.136,9.155
1641200640,9.154,9.171,9.154,9.164
1641200700,9.165,9.183,9.164,9.183
1641200760,9.182,9.184,9.163,9.175
1641200820,9.174,9.179,9.164,9.165
1641200880,9.163,9.177,9.138,9.142
1641200940,9.146,9.153,9.138,9.153
1641201000,9.153,9.155,9.125,9.127
1641201060,9.128,9.129,9.111,9.111
1641201120,9.113,9.118,9.096,9.114
1641201180,9.111,9.114,9.098,9.114
1641201240,9.115,9.117,9.103,9.105
1641201300,9.106,9.106,9.093,9.099
1641201360,9.099,9.104,9.075,9.092
1641201420,9.089,9.092,9.067,9.078
1641201480,9.081,9.099,9.079,9.085
1641201540,9.083,9.087,9.071,9.081
1641201600,9.076,9.081,9.067,9.081
1641201660,9.081,9.087,9.071,9.087
1641201720,9.088,9.113,9.088,9.104
1641201780,9.105,9.132,9.102,9.132
1641201840,9.13,9.13,9.115,9.123
1641201900,9.126,9.137,9.123,9.125
1641201960,9.126,9.129,9.117,9.117
1641202020,9.121,9.126,9.115,9.116
1641202080,9.115,9.121,9.115,9.119
1641202140,9.119,9.137,9.119,9.129
1641202200,9.132,9.144,9.131,9.143
1641202260,9.142,9.145,9.128,9.139
1641202320,9.143,9.156,9.141,9.141
1641202380,9.143,9.143,9.133,9.137
1641202440,9.139,9.149,9.139,9.148
1641202500,9.146,9.155,9.146,9.153
1641202560,9.153,9.17,9.152,9.153
1641202620,9.155,9.168,9.152,9.165
1641202680,9.167,9.169,9.152,9.167
1641202740,9.167,9.182,9.166,9.175
1641202800,9.175,9.178,9.141,9.145
1641202860,9.142,9.142,9.127,9.136
1641202920,9.133,9.14,9.127,9.128
1641202980,9.128,9.144,9.128,9.138
1641203040,9.142,9.153,9.142,9.153
1641203100,9.154,9.208,9.154,9.203
1641203160,9.201,9.22,9.195,9.215
1641203220,9.218,9.31,9.213,9.287
1641203280,9.288,9.295,9.232,9.258
1641203340,9.255,9.3,9.246,9.28
1641203400,9.28,9.282,9.253,9.269
1641203460,9.271,9.296,9.269,9.28
1641203520,9.28,9.3,9.271,9.285
1641203580,9.285,9.3,9.276,9.291
1641203640,9.289,9.301,9.281,9.286
1641203700,9.285,9.294,9.249,9.255
1641203760,9.254,9.268,9.249,9.266
1641203820,9.269,9.274,9.253,9.266
1641203880,9.263,9.28,9.26,9.279
1641203940,9.276,9.277,9.252,9.27
1641204000,9.276,9.324,9.271,9.28
1641204060,9.283,9.285,9.251,9.266
1641204120,9.268,9.308,9.264,9.301
1641204180,9.299,9.34,9.29,9.33
1641204240,9.327,9.337,9.298,9.306
1641204300,9.306,9.33,9.305,9.324
1641204360,9.324,9.341,9.313,9.323
1641204420,9.324,9.35,9.324,9.346
1641204480,9.35,9.373,9.336,9.354
1641204540,9.357,9.374,9.348,9.356
1641204600,9.356,9.374,9.35,9.353
1641204660,9.35,9.354,9.321,9.349
1641204720,9.349,9.358,9.304,9.311
1641204780,9.306,9.331,9.282,9.303
1641204840,9.303,9.315,9.289,9.308
1641204900,9.305,9.308,9.281,9.307
1641204960,9.308,9.342,9.307,9.334
1641205020,9.336,9.365,9.336,9.353
1641205080,9.352,9.354,9.329,9.336
1641205140,9.331,9.34,9.327,9.336
1641205200,9.337,9.345,9.332,9.344
1641205260,9.344,9.344,9.33,9.338
1641205320,9.335,9.344,9.32,9.33
1641205380,9.331,9.331,9.313,9.321
1641205440,9.323,9.338,9.322,9.335
1641205500,9.337,9.353,9.335,9.353
1641205560,9.352,9.36,9.34,9.342
1641205620,9.341,9.359,9.341,9.352
1641205680,9.35,9.359,9.348,9.353
1641205740,9.351,9.356,9.35,9.354
1641205800,9.35,9.366,9.345,9.363
1641205860,9.363,9.4,9.358,9.396
1641205920,9.396,9.434,9.388,9.429
1641205980,9.432,9.432,9.382,9.406
1641206040,9.415,9.43,9.411,9.42
1641206100,9.419,9.437,9.419,9.433
1641206160,9.433,9.437,9.419,9.437
1641206220,9.436,9.442,9.429,9.442
1641206280,9.44,9.446,9.435,9.445
1641206340,9.446,9.449,9.408,9.412
1641206400,9.411,9.414,9.382,9.4
1641206460,9.397,9.408,9.382,9.388
1641206520,9.387,9.403,9.382,9.396
1641206580,9.394,9.397,9.377,9.379
1641206640,9.379,9.394,9.372,9.391
1641206700,9.393,9.395,9.383,9.383
1641206760,9.383,9.4,9.381,9.389
1641206820,9.389,9.414,9.389,9.404
1641206880,9.403,9.403,9.392,9.393
1641206940,9.392,9.411,9.392,9.402
1641207000,9.406,9.408,9.388,9.39
1641207060,9.39,9.401,9.365,9.382
1641207120,9.381,9.382,9.351,9.352
1641207180,9.354,9.357,9.344,9.349
1641207240,9.348,9.36,9.332,9.336
1641207300,9.336,9.338,9.324,9.332
1641207360,9.334,9.351,9.329,9.339
1641207420,9.343,9.356,9.343,9.343
1641207480,9.342,9.35,9.328,9.332
1641207540,9.332,9.353,9.331,9.35
1641207600,9.348,9.376,9.348,9.376
1641207660,9.372,9.402,9.372,9.391
1641207720,9.395,9.418,9.39,9.405
1641207780,9.407,9.425,9.4,9.419
1641207840,9.416,9.422,9.406,9.42
1641207900,9.421,9.432,9.411,9.418
1641207960,9.418,9.429,9.405,9.424
1641208020,9.42,9.425,9.415,9.423
1641208080,9.421,9.422,9.378,9.382
1641208140,9.381,9.391,9.367,9.374
1641208200,9.376,9.39,9.37,9.387
1641208260,9.388,9.414,9.387,9.411
1641208320,9.408,9.411,9.383,9.388
1641208380,9.388,9.411,9.386,9.396
1641208440,9.395,9.398,9.373,9.383
1641208500,9.383,9.387,9.36,9.363
1641208560,9.366,9.368,9.35,9.353
1641208620,9.351,9.369,9.35,9.35
1641208680,9.352,9.362,9.333,9.335
1641208740,9.335,9.357,9.332,9.347
1641208800,9.344,9.345,9.326,9.338
1641208860,9.341,9.366,9.336,9.359
1641208920,9.36,9.381,9.355,9.38
1641208980,9.377,9.393,9.375,9.388
1641209040,9.388,9.388,9.358,9.363
1641209100,9.361,9.371,9.359,9.36
1641209160,9.36,9.365,9.35,9.357
1641209220,9.357,9.368,9.354,9.368
1641209280,9.37,9.372,9.337,9.343
1641209340,9.342,9.347,9.33,9.338
1641209400,9.333,9.35,9.333,9.348
1641209460,9.347,9.347,9.325,9.325
1641209520,9.325,9.326,9.28,9.284
1641209580,9.28,9.324,9.28,9.32
1641209640,9.321,9.321,9.275,9.29
1641209700,9.294,9.296,9.286,9.296
1641209760,9.295,9.299,9.29,9.293
1641209820,9.292,9.299,9.263,9.267
1641209880,9.272,9.276,9.245,9.27
1641209940,9.272,9.282,9.269,9.271
1641210000,9.272,9.298,9.269,9.293
1641210060,9.296,9.301,9.289,9.3
1641210120,9.298,9.302,9.272,9.281
1641210180,9.287,9.294,9.282,9.293
1641210240,9.293,9.303,9.291,9.295
1641210300,9.292,9.304,9.284,9.303
1641210360,9.303,9.32,9.303,9.32
1641210420,9.321,9.33,9.319,9.327
1641210480,9.327,9.336,9.307,9.312
1641210540,9.315,9.325,9.305,9.313
1641210600,9.317,9.317,9.309,9.311
1641210660,9.31,9.317,9.309,9.312
1641210720,9.313,9.316,9.305,9.313
1641210780,9.315,9.337,9.315,9.332
1641210840,9.333,9.335,9.313,9.33
1641210900,9.33,9.339,9.325,9.332
1641210960,9.332,9.358,9.331,9.354
1641211020,9.356,9.358,9.334,9.339
1641211080,9.339,9.348,9.333,9.346
1641211140,9.347,9.352,9.331,9.331
1641211200,9.329,9.339,9.313,9.316
1641211260,9.319,9.333,9.319,9.326
1641211320,9.329,9.349,9.327,9.335
1641211380,9.337,9.349,9.336,9.343
1641211440,9.345,9.349,9.34,9.346
1641211500,9.348,9.362,9.343,9.361
1641211560,9.359,9.37,9.329,9.341
1641211620,9.341,9.373,9.341,9.36
1641211680,9.355,9.358,9.34,9.349
1641211740,9.342,9.35,9.341,9.345
1641211800,9.345,9.362,9.332,9.338
1641211860,9.336,9.34,9.328,9.335
1641211920,9.335,9.343,9.315,9.324
1641211980,9.328,9.328,9.319,9.328
1641212040,9.328,9.328,9.3,9.3
1641212100,9.3,9.32,9.3,9.315
1641212160,9.319,9.334,9.312,9.334
1641212220,9.334,9.342,9.327,9.327
1641212280,9.33,9.34,9.33,9.338
1641212340,9.338,9.338,9.322,9.326
1641212400,9.327,9.334,9.319,9.323
1641212460,9.323,9.324,9.304,9.304
1641212520,9.302,9.322,9.301,9.31
1641212580,9.31,9.321,9.306,9.319
1641212640,9.321,9.331,9.321,9.331
1641212700,9.332,9.338,9.321,9.322
1641212760,9.321,9.324,9.315,9.315
1641212820,9.311,9.313,9.306,9.307
1641212880,9.306,9.312,9.297,9.298
1641212940,9.301,9.314,9.274,9.281
1641213000,9.282,9.286,9.261,9.266
1641213060,9.264,9.268,9.244,9.252
1641213120,9.251,9.271,9.248,9.265
1641213180,9.262,9.262,9.247,9.247
1641213240,9.247,9.252,9.245,9.252
1641213300,9.25,9.265,9.25,9.256
1641213360,9.258,9.262,9.25,9.255
1641213420,9.251,9.254,9.242,9.243
1641213480,9.243,9.245,9.225,9.241
1641213540,9.241,9.263,9.239,9.263
1641213600,9.262,9.265,9.244,9.251
1641213660,9.252,9.259,9.241,9.247
1641213720,9.251,9.257,9.245,9.252
1641213780,9.254,9.262,9.254,9.258
1641213840,9.258,9.258,9.241,9.246
1641213900,9.25,9.256,9.241,9.241
1641213960,9.243,9.253,9.242,9.248
1641214020,9.245,9.247,9.235,9.235
1641214080,9.235,9.243,9.23,9.242
1641214140,9.24,9.241,9.22,9.224
1641214200,9.225,9.231,9.218,9.225
1641214260,9.224,9.229,9.22,9.229
1641214320,9.225,9.235,9.217,9.232
1641214380,9.23,9.231,9.221,9.221
1641214440,9.218,9.221,9.186,9.191
1641214500,9.191,9.213,9.188,9.211
1641214560,9.209,9.209,9.199,9.199
1641214620,9.198,9.21,9.183,9.21
1641214680,9.208,9.212,9.185,9.204
1641214740,9.206,9.207,9.193,9.207
1641214800,9.199,9.228,9.198,9.228
1641214860,9.226,9.249,9.22,9.247
1641214920,9.246,9.247,9.23,9.242
1641214980,9.241,9.262,9.234,9.261
1641215040,9.261,9.262,9.25,9.262
1641215100,9.262,9.266,9.251,9.26
1641215160,9.257,9.266,9.25,9.266
1641215220,9.265,9.296,9.259,9.287
1641215280,9.286,9.291,9.274,9.286
1641215340,9.286,9.336,9.286,9.31
1641215400,9.318,9.33,9.312,9.32
1641215460,9.323,9.328,9.319,9.319
1641215520,9.318,9.335,9.314,9.326
1641215580,9.323,9.323,9.291,9.298
1641215640,9.303,9.306,9.288,9.291
1641215700,9.291,9.334,9.291,9.334
1641215760,9.332,9.355,9.332,9.342
1641215820,9.342,9.36,9.335,9.353
1641215880,9.35,9.359,9.334,9.337
1641215940,9.334,9.34,9.326,9.326
1641216000,9.327,9.327,9.304,9.308
1641216060,9.308,9.318,9.295,9.315
1641216120,9.312,9.32,9.306,9.319
1641216180,9.32,9.342,9.32,9.322
1641216240,9.32,9.32,9.309,9.309
1641216300,9.31,9.32,9.306,9.31
1641216360,9.313,9.321,9.306,9.309
1641216420,9.31,9.321,9.308,9.321
1641216480,9.321,9.327,9.317,9.324
1641216540,9.321,9.322,9.313,9.319
1641216600,9.319,9.324,9.312,9.315
1641216660,9.317,9.322,9.307,9.318
1641216720,9.318,9.32,9.312,9.315
1641216780,9.316,9.316,9.296,9.296
1641216840,9.296,9.297,9.266,9.284
1641216900,9.28,9.303,9.273,9.303
1641216960,9.304,9.306,9.289,9.289
1641217020,9.287,9.304,9.283,9.304
1641217080,9.305,9.308,9.294,9.294
1641217140,9.297,9.304,9.287,9.287
1641217200,9.287,9.302,9.287,9.302
1641217260,9.301,9.302,9.298,9.298
1641217320,9.299,9.307,9.298,9.306
1641217380,9.308,9.308,9.304,9.307
1641217440,9.306,9.34,9.3,9.34
1641217500,9.34,9.373,9.336,9.364
1641217560,9.362,9.371,9.341,9.342
1641217620,9.341,9.344,9.329,9.344
1641217680,9.344,9.346,9.321,9.322
1641217740,9.321,9.324,9.311,9.316
1641217800,9.312,9.321,9.304,9.317
1641217860,9.317,9.32,9.311,9.313
1641217920,9.314,9.318,9.308,9.31
1641217980,9.31,9.316,9.302,9.316
1641218040,9.313,9.326,9.311,9.323
1641218100,9.326,9.352,9.308,9.347
1641218160,9.347,9.353,9.336,9.348
1641218220,9.347,9.347,9.334,9.334
1641218280,9.335,9.337,9.315,9.315
1641218340,9.314,9.347,9.31,9.338
1641218400,9.34,9.341,9.323,9.333
1641218460,9.337,9.36,9.336,9.36
1641218520,9.36,9.386,9.358,9.362
1641218580,9.362,9.368,9.357,9.357
1641218640,9.357,9.36,9.339,9.34
1641218700,9.34,9.34,9.323,9.328
1641218760,9.328,9.33,9.308,9.308
1641218820,9.308,9.313,9.278,9.282
1641218880,9.279,9.279,9.233,9.253
1641218940,9.253,9.276,9.24,9.276
1641219000,9.27,9.288,9.27,9.285
1641219060,9.284,9.295,9.275,9.278
1641219120,9.287,9.296,9.279,9.285
1641219180,9.281,9.296,9.27,9.274
1641219240,9.278,9.278,9.27,9.275
1641219300,9.27,9.275,9.254,9.256
1641219360,9.255,9.293,9.252,9.283
1641219420,9.284,9.295,9.278,9.289
1641219480,9.289,9.297,9.287,9.294
1641219540,9.296,9.342,9.296,9.338
1641219600,9.336,9.336,9.313,9.321
1641219660,9.322,9.322,9.305,9.308
1641219720,9.308,9.324,9.302,9.318
1641219780,9.319,9.325,9.308,9.314
1641219840,9.311,9.313,9.303,9.308
1641219900,9.311,9.312,9.303,9.304
1641219960,9.305,9.306,9.292,9.293
1641220020,9.293,9.302,9.288,9.288
1641220080,9.289,9.29,9.281,9.284
1641220140,9.285,9.288,9.28,9.284
1641220200,9.282,9.305,9.282,9.305
1641220260,9.301,9.302,9.288,9.289
1641220320,9.289,9.292,9.279,9.29
1641220380,9.29,9.303,9.282,9.303
1641220440,9.301,9.305,9.294,9.302
1641220500,9.297,9.31,9.294,9.294
1641220560,9.294,9.322,9.294,9.318
1641220620,9.321,9.329,9.301,9.309
1641220680,9.307,9.315,9.302,9.305
1641220740,9.308,9.309,9.289,9.29
1641220800,9.289,9.302,9.289,9.293
1641220860,9.294,9.299,9.285,9.298
1641220920,9.299,9.308,9.298,9.308
1641220980,9.308,9.314,9.305,9.311
1641221040,9.312,9.314,9.304,9.312
1641221100,9.314,9.333,9.314,9.317
1641221160,9.314,9.314,9.276,9.278
1641221220,9.277,9.277,9.259,9.261
1641221280,9.262,9.267,9.228,9.234
1641221340,9.233,9.265,9.23,9.249
1641221400,9.25,9.251,9.229,9.238
1641221460,9.238,9.27,9.238,9.254
1641221520,9.249,9.267,9.233,9.239
1641221580,9.245,9.248,9.206,9.219
1641221640,9.211,9.231,9.208,9.223
1641221700,9.218,9.221,9.191,9.206
1641221760,9.203,9.221,9.201,9.221
1641221820,9.214,9.217,9.187,9.196
1641221880,9.196,9.211,9.194,9.201
1641221940,9.204,9.224,9.203,9.207
1641222000,9.209,9.24,9.199,9.236
1641222060,9.237,9.248,9.236,9.243
1641222120,9.243,9.25,9.225,9.225
1641222180,9.226,9.24,9.225,9.239
1641222240,9.239,9.25,9.232,9.244
1641222300,9.243,9.246,9.233,9.234
1641222360,9.234,9.253,9.233,9.253
1641222420,9.251,9.252,9.217,9.217
1641222480,9.217,9.22,9.2,9.208
1641222540,9.211,9.214,9.194,9.2
1641222600,9.199,9.212,9.199,9.209
1641222660,9.21,9.23,9.209,9.224
1641222720,9.223,9.228,9.219,9.22
1641222780,9.222,9.242,9.217,9.241
1641222840,9.238,9.248,9.236,9.246
1641222900,9.244,9.248,9.239,9.248
1641222960,9.245,9.248,9.216,9.225
1641223020,9.224,9.226,9.215,9.22
1641223080,9.224,9.23,9.215,9.218
1641223140,9.22,9.235,9.218,9.233
1641223200,9.233,9.243,9.228,9.234
1641223260,9.236,9.243,9.229,9.235
1641223320,9.231,9.235,9.222,9.228
1641223380,9.228,9.233,9.222,9.231
1641223440,9.233,9.241,9.229,9.236
1641223500,9.237,9.246,9.23,9.243
1641223560,9.245,9.252,9.244,9.251
1641223620,9.252,9.259,9.247,9.247
1641223680,9.247,9.26,9.244,9.26
1641223740,9.261,9.276,9.257,9.267
1641223800,9.266,9.266,9.246,9.256
1641223860,9.256,9.265,9.256,9.261
1641223920,9.26,9.267,9.257,9.265
1641223980,9.265,9.265,9.254,9.254
1641224040,9.254,9.266,9.25,9.263
1641224100,9.264,9.278,9.262,9.265
1641224160,9.263,9.271,9.26,9.27
1641224220,9.27,9.283,9.266,9.272
1641224280,9.272,9.279,9.27,9.279
1641224340,9.278,9.313,9.27,9.313
1641224400,9.311,9.311,9.287,9.293
1641224460,9.293,9.296,9.274,9.279
1641224520,9.278,9.288,9.278,9.281
1641224580,9.284,9.288,9.279,9.28
1641224640,9.279,9.283,9.278,9.28
1641224700,9.279,9.279,9.267,9.271
1641224760,9.268,9.284,9.268,9.282
1641224820,9.286,9.288,9.28,9.28
1641224880,9.279,9.285,9.276,9.282
1641224940,9.283,9.293,9.277,9.281
1641225000,9.281,9.281,9.261,9.264
1641225060,9.262,9.263,9.213,9.221
1641225120,9.218,9.225,9.202,9.203
1641225180,9.205,9.225,9.201,9.214
1641225240,9.213,9.228,9.212,9.214
1641225300,9.212,9.212,9.188,9.191
1641225360,9.189,9.208,9.188,9.205
1641225420,9.204,9.217,9.19,9.194
1641225480,9.193,9.196,9.182,9.191
1641225540,9.192,9.207,9.19,9.198
1641225600,9.198,9.198,9.12,9.121
1641225660,9.129,9.174,9.129,9.146
1641225720,9.143,9.154,9.12,9.153
1641225780,9.155,9.155,9.094,9.097
1641225840,9.103,9.135,9.081,9.125
1641225900,9.12,9.129,9.101,9.105
1641225960,9.105,9.111,9.071,9.075
1641226020,9.075,9.097,9.075,9.094
1641226080,9.094,9.094,9.052,9.06
1641226140,9.057,9.087,9.05,9.087
1641226200,9.088,9.091,9.061,9.061
1641226260,9.06,9.065,9.039,9.062
1641226320,9.062,9.066,9.041,9.054
1641226380,9.056,9.069,9.05,9.068
1641226440,9.068,9.07,9.038,9.049
1641226500,9.05,9.055,8.994,9.002
1641226560,9.002,9.004,8.943,8.956
1641226620,8.955,8.967,8.94,8.965
1641226680,8.967,8.996,8.963,8.979
1641226740,8.979,8.986,8.938,8.945
1641226800,8.942,8.944,8.9,8.91
1641226860,8.91,8.957,8.9,8.94
1641226920,8.942,8.951,8.913,8.919
1641226980,8.919,8.935,8.903,8.911
1641227040,8.918,8.918,8.848,8.872
1641227100,8.873,8.892,8.853,8.868
1641227160,8.872,8.904,8.872,8.89
1641227220,8.887,8.93,8.885,8.925
1641227280,8.927,8.937,8.899,8.936
1641227340,8.936,8.942,8.913,8.938
1641227400,8.939,8.947,8.925,8.937
1641227460,8.941,8.966,8.927,8.961
1641227520,8.964,8.993,8.964,8.989
1641227580,8.989,8.99,8.961,8.985
1641227640,8.981,8.982,8.957,8.968
1641227700,8.97,8.985,8.945,8.954
1641227760,8.955,8.976,8.954,8.97
1641227820,8.967,8.972,8.96,8.972
1641227880,8.97,8.98,8.953,8.976
1641227940,8.978,8.98,8.955,8.972
1641228000,8.974,8.984,8.958,8.958
1641228060,8.966,8.98,8.959,8.976
1641228120,8.98,9.005,8.98,9.002
1641228180,9.005,9.008,8.976,8.998
1641228240,9.003,9.013,8.99,8.994
1641228300,8.995,8.998,8.979,8.996
1641228360,8.988,9.006,8.983,9.005
1641228420,9,9,8.979,8.987
1641228480,8.989,8.998,8.98,8.982
1641228540,8.98,8.995,8.98,8.983
1641228600,8.983,8.989,8.966,8.966
1641228660,8.965,8.965,8.925,8.925
1641228720,8.928,8.945,8.913,8.94
1641228780,8.941,8.955,8.941,8.95
1641228840,8.953,8.965,8.949,8.965
1641228900,8.965,8.985,8.96,8.984
1641228960,8.985,8.988,8.971,8.984
1641229020,8.983,8.987,8.974,8.975
1641229080,8.975,8.991,8.975,8.985
1641229140,8.985,8.994,8.979,8.994
1641229200,8.994,8.995,8.977,8.989
1641229260,8.988,8.998,8.981,8.988
1641229320,8.988,8.998,8.983,8.995
1641229380,8.999,9.02,8.995,9.02
1641229440,9.021,9.05,9.012,9.022
1641229500,9.021,9.051,9.019,9.04
1641229560,9.038,9.05,9.034,9.049
1641229620,9.048,9.049,9.035,9.042
1641229680,9.041,9.05,9.04,9.043
1641229740,9.045,9.048,9.03,9.036
1641229800,9.035,9.048,9.033,9.048
1641229860,9.048,9.048,9.018,9.023
1641229920,9.019,9.022,9.007,9.015
1641229980,9.011,9.013,8.993,8.994
1641230040,8.995,8.998,8.991,8.992
1641230100,8.992,8.992,8.982,8.985
1641230160,8.991,9,8.986,8.993
1641230220,8.993,9.01,8.991,9.008
1641230280,9.013,9.02,9.005,9.015
1641230340,9.017,9.039,9.017,9.036
1641230400,9.037,9.064,9.036,9.064
1641230460,9.065,9.094,9.062,9.08
1641230520,9.078,9.112,9.078,9.097
1641230580,9.103,9.127,9.1,9.127
1641230640,9.125,9.126,9.097,9.11
1641230700,9.115,9.125,9.097,9.101
1641230760,9.103,9.129,9.103,9.128
1641230820,9.126,9.167,9.114,9.16
1641230880,9.162,9.21,9.148,9.195
1641230940,9.195,9.237,9.192,9.216
1641231000,9.214,9.237,9.203,9.237
1641231060,9.232,9.235,9.203,9.209
1641231120,9.21,9.237,9.192,9.225
1641231180,9.216,9.24,9.213,9.235
1641231240,9.231,9.262,9.227,9.247
1641231300,9.244,9.255,9.233,9.233
1641231360,9.236,9.242,9.201,9.202
1641231420,9.202,9.203,9.157,9.163
1641231480,9.171,9.188,9.162,9.183
1641231540,9.185,9.207,9.183,9.2
1641231600,9.199,9.199,9.177,9.184
1641231660,9.181,9.187,9.158,9.176
1641231720,9.173,9.173,9.161,9.168
1641231780,9.17,9.2,9.167,9.2
1641231840,9.2,9.202,9.182,9.184
1641231900,9.188,9.229,9.182,9.216
1641231960,9.22,9.222,9.2,9.208
1641232020,9.208,9.22,9.208,9.217
1641232080,9.216,9.227,9.21,9.218
1641232140,9.215,9.216,9.197,9.2
1641232200,9.201,9.217,9.186,9.186
1641232260,9.185,9.187,9.161,9.173
1641232320,9.172,9.174,9.156,9.17
1641232380,9.17,9.17,9.15,9.158
1641232440,9.158,9.16,9.151,9.156
1641232500,9.154,9.164,9.15,9.152
1641232560,9.151,9.151,9.116,9.117
1641232620,9.116,9.122,9.104,9.107
1641232680,9.107,9.125,9.102,9.108
1641232740,9.107,9.107,9.079,9.08
1641232800,9.08,9.1,9.079,9.094
1641232860,9.096,9.103,9.083,9.094
1641232920,9.091,9.107,9.091,9.107
1641232980,9.107,9.125,9.1,9.11
1641233040,9.109,9.111,9.094,9.094
1641233100,9.094,9.107,9.088,9.088
1641233160,9.087,9.088,9.075,9.077
1641233220,9.081,9.082,9.056,9.061
1641233280,9.065,9.083,9.056,9.08
1641233340,9.082,9.082,9.061,9.061
1641233400,9.062,9.078,9.055,9.067
1641233460,9.066,9.082,9.066,9.082
1641233520,9.08,9.09,9.075,9.084
1641233580,9.084,9.101,9.082,9.095
1641233640,9.093,9.099,9.088,9.095
1641233700,9.094,9.097,9.079,9.08
1641233760,9.078,9.08,9.059,9.062
1641233820,9.062,9.067,9.05,9.064
1641233880,9.064,9.075,9.058,9.066
1641233940,9.064,9.082,9.06,9.078
1641234000,9.078,9.088,9.067,9.076
1641234060,9.076,9.081,9.067,9.072
1641234120,9.073,9.081,9.07,9.08
1641234180,9.08,9.08,9.072,9.075
1641234240,9.075,9.085,9.073,9.08
1641234300,9.081,9.085,9.075,9.083
1641234360,9.084,9.09,9.078,9.086
1641234420,9.086,9.092,9.08,9.082
1641234480,9.082,9.097,9.08,9.08
1641234540,9.077,9.081,9.07,9.072
1641234600,9.072,9.078,9.07,9.078
1641234660,9.075,9.089,9.071,9.079
1641234720,9.079,9.089,9.077,9.084
1641234780,9.084,9.084,9.069,9.07
1641234840,9.07,9.074,9.066,9.072
1641234900,9.073,9.075,9.072,9.074
1641234960,9.072,9.075,9.06,9.07
1641235020,9.068,9.068,9.032,9.032
1641235080,9.032,9.034,9.025,9.03
1641235140,9.029,9.031,9.007,9.01
1641235200,9.008,9.014,8.998,9.012
1641235260,9.011,9.015,9.005,9.012
1641235320,9.014,9.022,9.007,9.013
1641235380,9.014,9.014,8.992,9
1641235440,9,9.006,8.994,8.998
1641235500,8.995,9,8.985,8.996
1641235560,8.997,8.998,8.972,8.988
1641235620,8.987,8.995,8.98,8.988
1641235680,8.989,9.008,8.976,9.001
1641235740,9.001,9.001,8.988,8.994
1641235800,8.992,8.997,8.977,8.985
1641235860,8.984,8.997,8.981,8.997
1641235920,8.997,9.009,8.996,9.009
1641235980,9.008,9.008,9,9.004
1641236040,9,9.001,8.987,8.987
1641236100,8.987,8.994,8.983,8.988
1641236160,8.986,8.993,8.984,8.985
1641236220,8.984,8.984,8.964,8.967
1641236280,8.967,8.973,8.956,8.958
1641236340,8.958,8.976,8.952,8.976
1641236400,8.971,8.982,8.966,8.972
1641236460,8.972,8.989,8.972,8.983
1641236520,8.983,8.999,8.957,8.967
1641236580,8.968,8.975,8.962,8.965
1641236640,8.965,8.977,8.965,8.972
1641236700,8.971,8.972,8.908,8.908
1641236760,8.91,8.937,8.906,8.935
1641236820,8.935,8.951,8.923,8.931
1641236880,8.931,8.957,8.923,8.949
1641236940,8.949,8.949,8.929,8.931
1641237000,8.933,8.94,8.92,8.925
1641237060,8.927,8.937,8.926,8.937
1641237120,8.938,8.956,8.934,8.936
1641237180,8.937,8.952,8.937,8.945
1641237240,8.947,8.948,8.92,8.925
1641237300,8.925,8.926,8.904,8.907
1641237360,8.907,8.927,8.905,8.92
1641237420,8.919,8.928,8.917,8.927
1641237480,8.926,8.938,8.926,8.931
1641237540,8.931,8.937,8.925,8.933
1641237600,8.929,8.941,8.924,8.937
1641237660,8.938,8.941,8.93,8.934
1641237720,8.934,8.951,8.934,8.943
1641237780,8.944,8.953,8.94,8.942
1641237840,8.942,8.947,8.935,8.942
1641237900,8.941,8.942,8.935,8.937
1641237960,8.937,8.947,8.934,8.934
1641238020,8.933,8.946,8.932,8.943
1641238080,8.943,8.944,8.929,8.929
1641238140,8.93,8.942,8.93,8.933
1641238200,8.93,8.937,8.925,8.925
1641238260,8.925,8.926,8.913,8.918
1641238320,8.916,8.926,8.911,8.911
1641238380,8.911,8.913,8.906,8.906
1641238440,8.906,8.91,8.9,8.908
1641238500,8.907,8.914,8.905,8.912
1641238560,8.912,8.915,8.904,8.905
1641238620,8.906,8.908,8.903,8.907
1641238680,8.907,8.908,8.903,8.907
1641238740,8.907,8.926,8.902,8.907
1641238800,8.912,8.916,8.903,8.903
1641238860,8.903,8.911,8.903,8.909
1641238920,8.907,8.908,8.903,8.906
1641238980,8.905,8.912,8.9,8.912
1641239040,8.911,8.911,8.901,8.904
1641239100,8.902,8.906,8.9,8.903
1641239160,8.901,8.903,8.874,8.88
1641239220,8.88,8.901,8.879,8.892
1641239280,8.892,8.894,8.873,8.876
1641239340,8.876,8.88,8.871,8.876
1641239400,8.876,8.876,8.86,8.862
1641239460,8.862,8.869,8.856,8.857
1641239520,8.857,8.86,8.833,8.841
1641239580,8.84,8.842,8.824,8.824
1641239640,8.825,8.867,8.821,8.865
1641239700,8.86,8.86,8.826,8.826
1641239760,8.826,8.84,8.824,8.828
1641239820,8.829,8.83,8.81,8.815
1641239880,8.815,8.819,8.81,8.81
1641239940,8.81,8.816,8.78,8.789
1641240000,8.79,8.79,8.753,8.765
1641240060,8.767,8.819,8.767,8.796
1641240120,8.794,8.798,8.769,8.789
1641240180,8.79,8.79,8.719,8.719
1641240240,8.721,8.757,8.706,8.753
1641240300,8.751,8.763,8.73,8.732
1641240360,8.732,8.736,8.662,8.662
1641240420,8.665,8.7,8.664,8.69
1641240480,8.689,8.7,8.677,8.677
1641240540,8.676,8.7,8.665,8.677
1641240600,8.677,8.705,8.675,8.697
1641240660,8.697,8.733,8.695,8.727
1641240720,8.727,8.741,8.714,8.718
1641240780,8.717,8.721,8.698,8.702
1641240840,8.7,8.719,8.7,8.717
1641240900,8.716,8.738,8.716,8.735
1641240960,8.735,8.744,8.712,8.72
1641241020,8.723,8.724,8.683,8.689
1641241080,8.691,8.702,8.685,8.685
1641241140,8.684,8.686,8.656,8.667
1641241200,8.663,8.664,8.552,8.589
1641241260,8.588,8.589,8.523,8.575
1641241320,8.574,8.624,8.551,8.566
1641241380,8.563,8.63,8.555,8.596
1641241440,8.596,8.64,8.592,8.596
1641241500,8.595,8.601,8.555,8.591
1641241560,8.592,8.615,8.585,8.585
1641241620,8.592,8.61,8.59,8.597
1641241680,8.595,8.595,8.57,8.587
1641241740,8.586,8.587,8.533,8.558
1641241800,8.558,8.586,8.546,8.586
1641241860,8.583,8.637,8.577,8.621
1641241920,8.616,8.622,8.585,8.602
1641241980,8.605,8.605,8.579,8.581
1641242040,8.581,8.605,8.579,8.6
1641242100,8.6,8.6,8.56,8.572
1641242160,8.575,8.592,8.567,8.58
1641242220,8.579,8.596,8.577,8.59
1641242280,8.59,8.597,8.552,8.564
1641242340,8.564,8.566,8.547,8.558
1641242400,8.56,8.568,8.53,8.544
1641242460,8.544,8.552,8.531,8.538
1641242520,8.538,8.563,8.524,8.556
1641242580,8.556,8.561,8.543,8.553
1641242640,8.551,8.554,8.515,8.549
1641242700,8.549,8.573,8.547,8.562
1641242760,8.56,8.57,8.552,8.553
1641242820,8.556,8.565,8.541,8.565
1641242880,8.564,8.577,8.558,8.558
1641242940,8.564,8.564,8.55,8.564
1641243000,8.565,8.587,8.557,8.58
1641243060,8.577,8.584,8.574,8.579
1641243120,8.579,8.585,8.555,8.559
1641243180,8.561,8.561,8.542,8.554
1641243240,8.552,8.563,8.531,8.55
1641243300,8.551,8.554,8.532,8.548
1641243360,8.547,8.548,8.54,8.546
1641243420,8.546,8.56,8.54,8.56
1641243480,8.557,8.561,8.554,8.555
1641243540,8.555,8.57,8.548,8.549
1641243600,8.55,8.556,8.54,8.55
1641243660,8.554,8.554,8.537,8.549
1641243720,8.551,8.568,8.551,8.559
1641243780,8.56,8.583,8.56,8.568
1641243840,8.569,8.592,8.565,8.59
1641243900,8.59,8.595,8.576,8.58
1641243960,8.583,8.583,8.56,8.563
1641244020,8.563,8.57,8.553,8.556
1641244080,8.556,8.582,8.556,8.576
1641244140,8.575,8.577,8.561,8.565
1641244200,8.563,8.563,8.549,8.55
1641244260,8.55,8.551,8.536,8.539
1641244320,8.538,8.541,8.517,8.52
1641244380,8.519,8.526,8.505,8.523
1641244440,8.522,8.528,8.511,8.512
1641244500,8.512,8.527,8.501,8.52
1641244560,8.521,8.524,8.506,8.511
1641244620,8.513,8.522,8.507,8.51
1641244680,8.513,8.521,8.504,8.52
1641244740,8.519,8.527,8.516,8.525
1641244800,8.526,8.529,8.512,8.514
1641244860,8.513,8.529,8.509,8.529
1641244920,8.53,8.533,8.512,8.515
1641244980,8.517,8.53,8.517,8.526
1641245040,8.527,8.543,8.525,8.542
1641245100,8.542,8.549,8.536,8.541
1641245160,8.541,8.543,8.536,8.542
1641245220,8.542,8.582,8.538,8.574
1641245280,8.574,8.575,8.556,8.556
1641245340,8.557,8.566,8.55,8.564
1641245400,8.564,8.602,8.564,8.599
1641245460,8.597,8.599,8.576,8.576
1641245520,8.576,8.592,8.57,8.592
1641245580,8.592,8.609,8.586,8.608
1641245640,8.607,8.621,8.596,8.62
1641245700,8.619,8.631,8.598,8.598
1641245760,8.599,8.612,8.593,8.609
1641245820,8.605,8.605,8.59,8.593
1641245880,8.596,8.597,8.573,8.584
1641245940,8.583,8.583,8.557,8.568
1641246000,8.571,8.578,8.567,8.575
1641246060,8.576,8.58,8.567,8.572
1641246120,8.575,8.585,8.568,8.584
1641246180,8.584,8.584,8.548,8.569
1641246240,8.567,8.568,8.539,8.551
1641246300,8.552,8.558,8.549,8.556
1641246360,8.556,8.57,8.551,8.563
1641246420,8.563,8.57,8.53,8.544
1641246480,8.538,8.547,8.518,8.546
1641246540,8.545,8.56,8.521,8.541
1641246600,8.542,8.545,8.537,8.545
1641246660,8.547,8.549,8.519,8.526
1641246720,8.526,8.54,8.521,8.521
1641246780,8.521,8.528,8.52,8.524
1641246840,8.525,8.525,8.51,8.518
1641246900,8.518,8.531,8.516,8.516
1641246960,8.517,8.525,8.516,8.525
1641247020,8.524,8.531,8.515,8.515
1641247080,8.515,8.515,8.46,8.473
1641247140,8.474,8.502,8.458,8.458
1641247200,8.458,8.478,8.434,8.472
1641247260,8.471,8.471,8.438,8.459
1641247320,8.464,8.509,8.462,8.504
1641247380,8.504,8.521,8.495,8.502
1641247440,8.503,8.511,8.501,8.503
1641247500,8.503,8.512,8.493,8.499
1641247560,8.496,8.498,8.471,8.473
1641247620,8.472,8.486,8.467,8.467
1641247680,8.467,8.467,8.449,8.453
1641247740,8.453,8.475,8.452,8.472
1641247800,8.469,8.491,8.465,8.482
1641247860,8.481,8.501,8.475,8.489
1641247920,8.49,8.501,8.487,8.494
1641247980,8.494,8.494,8.479,8.481
1641248040,8.482,8.496,8.48,8.493
1641248100,8.493,8.494,8.478,8.484
1641248160,8.484,8.484,8.473,8.476
1641248220,8.474,8.504,8.469,8.482
1641248280,8.487,8.489,8.475,8.476
1641248340,8.473,8.566,8.473,8.536
1641248400,8.536,8.537,8.503,8.508
1641248460,8.509,8.509,8.49,8.499
1641248520,8.502,8.502,8.488,8.489
1641248580,8.491,8.492,8.48,8.49
1641248640,8.489,8.494,8.475,8.485
1641248700,8.486,8.5,8.486,8.493
1641248760,8.493,8.493,8.482,8.482
1641248820,8.481,8.493,8.481,8.493
1641248880,8.493,8.515,8.491,8.51
1641248940,8.51,8.518,8.504,8.518
1641249000,8.518,8.535,8.518,8.528
1641249060,8.528,8.537,8.526,8.531
1641249120,8.531,8.531,8.511,8.512
1641249180,8.513,8.519,8.507,8.511
1641249240,8.511,8.514,8.511,8.514
1641249300,8.515,8.519,8.514,8.519
1641249360,8.518,8.527,8.513,8.513
1641249420,8.513,8.52,8.505,8.505
1641249480,8.506,8.517,8.505,8.517
1641249540,8.517,8.537,8.517,8.534
1641249600,8.534,8.536,8.527,8.528
1641249660,8.528,8.534,8.523,8.532
1641249720,8.533,8.533,8.526,8.526
1641249780,8.525,8.525,8.483,8.488
1641249840,8.487,8.501,8.487,8.497
1641249900,8.499,8.504,8.489,8.497
1641249960,8.494,8.503,8.493,8.495
1641250020,8.495,8.495,8.477,8.491
1641250080,8.488,8.491,8.48,8.487
1641250140,8.487,8.489,8.479,8.485
1641250200,8.485,8.485,8.468,8.474
1641250260,8.474,8.475,8.458,8.474
1641250320,8.475,8.479,8.469,8.479
1641250380,8.48,8.489,8.478,8.488
1641250440,8.488,8.49,8.481,8.484
1641250500,8.484,8.49,8.481,8.487
1641250560,8.486,8.488,8.48,8.488
1641250620,8.486,8.495,8.482,8.494
1641250680,8.494,8.494,8.487,8.489
1641250740,8.488,8.493,8.484,8.493
1641250800,8.493,8.516,8.491,8.504
1641250860,8.504,8.51,8.497,8.505
1641250920,8.504,8.504,8.488,8.491
1641250980,8.491,8.492,8.467,8.478
1641251040,8.476,8.485,8.462,8.476
1641251100,8.475,8.49,8.475,8.486
1641251160,8.486,8.511,8.486,8.496
1641251220,8.498,8.499,8.484,8.495
1641251280,8.495,8.505,8.494,8.497
1641251340,8.496,8.497,8.487,8.496
1641251400,8.493,8.513,8.489,8.508
1641251460,8.506,8.526,8.504,8.526
1641251520,8.526,8.529,8.51,8.515
1641251580,8.514,8.514,8.504,8.504
1641251640,8.504,8.523,8.503,8.521
1641251700,8.521,8.522,8.503,8.503
1641251760,8.504,8.516,8.502,8.51
1641251820,8.51,8.513,8.506,8.507
1641251880,8.506,8.511,8.503,8.51
1641251940,8.51,8.51,8.501,8.508
1641252000,8.507,8.514,8.496,8.51
1641252060,8.51,8.516,8.505,8.514
1641252120,8.515,8.516,8.506,8.51
1641252180,8.509,8.51,8.502,8.51
1641252240,8.509,8.51,8.496,8.503
1641252300,8.503,8.511,8.501,8.502
1641252360,8.502,8.511,8.501,8.506
1641252420,8.505,8.515,8.502,8.512
1641252480,8.511,8.513,8.505,8.505
1641252540,8.504,8.518,8.502,8.508
1641252600,8.508,8.515,8.504,8.512
1641252660,8.512,8.516,8.5,8.504
1641252720,8.503,8.503,8.493,8.501
1641252780,8.5,8.504,8.496,8.499
1641252840,8.499,8.505,8.493,8.5
1641252900,8.5,8.504,8.497,8.5
1641252960,8.501,8.513,8.499,8.502
1641253020,8.503,8.515,8.501,8.512
1641253080,8.51,8.524,8.51,8.519
1641253140,8.518,8.528,8.518,8.524
1641253200,8.525,8.529,8.516,8.526
1641253260,8.526,8.526,8.506,8.509
1641253320,8.509,8.515,8.506,8.511
1641253380,8.512,8.518,8.505,8.506
1641253440,8.506,8.519,8.503,8.514
1641253500,8.515,8.525,8.513,8.513
1641253560,8.514,8.514,8.498,8.504
1641253620,8.505,8.508,8.5,8.505
1641253680,8.503,8.505,8.493,8.495
1641253740,8.495,8.506,8.494,8.503
1641253800,8.504,8.507,8.499,8.504
1641253860,8.504,8.506,8.5,8.506
1641253920,8.507,8.507,8.499,8.5
1641253980,8.5,8.5,8.498,8.499
1641254040,8.499,8.499,8.493,8.494
1641254100,8.494,8.506,8.493,8.506
1641254160,8.506,8.508,8.498,8.508
1641254220,8.509,8.52,8.509,8.518
1641254280,8.518,8.526,8.516,8.524
1641254340,8.524,8.524,8.503,8.518
1641254400,8.518,8.527,8.511,8.522
1641254460,8.522,8.53,8.52,8.523
1641254520,8.527,8.53,8.514,8.525
1641254580,8.529,8.534,8.52,8.529
1641254640,8.528,8.534,8.519,8.521
1641254700,8.52,8.539,8.509,8.533
1641254760,8.533,8.533,8.522,8.527
1641254820,8.527,8.535,8.525,8.53
1641254880,8.53,8.541,8.53,8.541
1641254940,8.541,8.563,8.541,8.56
1641255000,8.56,8.576,8.556,8.567
1641255060,8.567,8.567,8.524,8.538
1641255120,8.538,8.558,8.53,8.55
1641255180,8.552,8.555,8.544,8.547
1641255240,8.549,8.552,8.533,8.541
1641255300,8.542,8.544,8.519,8.522
1641255360,8.521,8.527,8.483,8.497
1641255420,8.496,8.499,8.479,8.481
1641255480,8.482,8.485,8.469,8.474
1641255540,8.476,8.494,8.473,8.485
1641255600,8.488,8.495,8.48,8.491
1641255660,8.491,8.504,8.488,8.492
1641255720,8.49,8.492,8.481,8.49
1641255780,8.49,8.492,8.471,8.475
1641255840,8.473,8.496,8.465,8.483
1641255900,8.483,8.492,8.468,8.486
1641255960,8.485,8.492,8.475,8.487
1641256020,8.487,8.492,8.472,8.482
1641256080,8.483,8.524,8.483,8.508
1641256140,8.508,8.516,8.498,8.499
1641256200,8.497,8.5,8.486,8.488
1641256260,8.491,8.491,8.455,8.456
1641256320,8.457,8.465,8.451,8.464
1641256380,8.465,8.466,8.453,8.458
1641256440,8.458,8.477,8.458,8.476
1641256500,8.476,8.482,8.472,8.475
1641256560,8.475,8.479,8.466,8.468
1641256620,8.467,8.467,8.456,8.459
1641256680,8.457,8.47,8.448,8.461
1641256740,8.461,8.467,8.451,8.451
1641256800,8.45,8.458,8.448,8.453
1641256860,8.454,8.456,8.298,8.337
1641256920,8.338,8.362,8.325,8.337
1641256980,8.334,8.34,8.307,8.33
1641257040,8.33,8.34,8.318,8.322
1641257100,8.321,8.348,8.301,8.338
1641257160,8.338,8.342,8.33,8.34
1641257220,8.337,8.342,8.328,8.337
1641257280,8.337,8.358,8.335,8.356
1641257340,8.358,8.361,8.339,8.358
1641257400,8.357,8.364,8.341,8.356
1641257460,8.352,8.384,8.352,8.379
1641257520,8.379,8.382,8.362,8.371
1641257580,8.37,8.37,8.346,8.346
1641257640,8.344,8.344,8.303,8.326
1641257700,8.325,8.327,8.235,8.235
1641257760,8.235,8.25,8.216,8.225
1641257820,8.226,8.26,8.224,8.247
1641257880,8.245,8.267,8.241,8.247
1641257940,8.247,8.273,8.245,8.265
1641258000,8.267,8.276,8.26,8.262
1641258060,8.26,8.262,8.238,8.247
1641258120,8.245,8.279,8.243,8.27
1641258180,8.273,8.275,8.262,8.265
1641258240,8.266,8.277,8.262,8.264
1641258300,8.263,8.269,8.257,8.262
1641258360,8.262,8.279,8.26,8.278
1641258420,8.278,8.298,8.277,8.294
1641258480,8.297,8.299,8.285,8.29
1641258540,8.29,8.295,8.284,8.288
1641258600,8.289,8.303,8.288,8.298
1641258660,8.299,8.307,8.297,8.304
1641258720,8.305,8.311,8.303,8.311
1641258780,8.311,8.326,8.304,8.324
1641258840,8.324,8.34,8.317,8.337
1641258900,8.337,8.338,8.328,8.338
1641258960,8.338,8.339,8.32,8.323
1641259020,8.32,8.326,8.311,8.318
1641259080,8.319,8.334,8.312,8.327
1641259140,8.328,8.339,8.324,8.33
1641259200,8.329,8.339,8.321,8.335
1641259260,8.333,8.34,8.32,8.336
1641259320,8.335,8.342,8.314,8.336
1641259380,8.336,8.34,8.312,8.325
1641259440,8.326,8.327,8.313,8.319
1641259500,8.319,8.33,8.317,8.319
1641259560,8.319,8.319,8.303,8.304
1641259620,8.304,8.314,8.302,8.312
1641259680,8.312,8.324,8.307,8.32
1641259740,8.323,8.325,8.316,8.316
1641259800,8.316,8.317,8.3,8.301
1641259860,8.301,8.306,8.285,8.292
1641259920,8.292,8.298,8.279,8.287
1641259980,8.289,8.289,8.272,8.276
1641260040,8.275,8.276,8.26,8.265
1641260100,8.265,8.272,8.243,8.246
1641260160,8.246,8.252,8.239,8.247
1641260220,8.248,8.261,8.224,8.255
1641260280,8.255,8.267,8.255,8.258
1641260340,8.257,8.258,8.244,8.25
1641260400,8.248,8.259,8.247,8.251
1641260460,8.25,8.253,8.232,8.237
1641260520,8.232,8.236,8.202,8.202
1641260580,8.204,8.223,8.201,8.22
1641260640,8.221,8.23,8.208,8.222
1641260700,8.222,8.246,8.222,8.229
1641260760,8.228,8.239,8.224,8.227
1641260820,8.229,8.23,8.209,8.209
1641260880,8.211,8.212,8.15,8.159
1641260940,8.161,8.186,8.15,8.178
1641261000,8.176,8.184,8.166,8.175
1641261060,8.175,8.187,8.16,8.168
1641261120,8.164,8.184,8.162,8.183
1641261180,8.183,8.183,8.166,8.171
1641261240,8.171,8.182,8.168,8.18
1641261300,8.18,8.188,8.175,8.184
1641261360,8.186,8.194,8.181,8.188
1641261420,8.191,8.201,8.185,8.191
1641261480,8.191,8.198,8.19,8.197
1641261540,8.197,8.211,8.191,8.196
1641261600,8.195,8.226,8.192,8.222
1641261660,8.222,8.226,8.201,8.206
1641261720,8.204,8.212,8.186,8.191
1641261780,8.19,8.19,8.171,8.18
1641261840,8.181,8.183,8.168,8.177
1641261900,8.177,8.207,8.177,8.205
1641261960,8.205,8.21,8.198,8.206
1641262020,8.202,8.203,8.184,8.192
1641262080,8.186,8.199,8.185,8.195
1641262140,8.196,8.196,8.168,8.177
1641262200,8.177,8.178,8.15,8.155
1641262260,8.153,8.188,8.13,8.187
1641262320,8.188,8.197,8.184,8.187
1641262380,8.187,8.191,8.17,8.183
1641262440,8.186,8.191,8.158,8.18
1641262500,8.18,8.207,8.178,8.188
1641262560,8.185,8.188,8.165,8.175
1641262620,8.174,8.201,8.174,8.195
1641262680,8.192,8.197,8.187,8.194
1641262740,8.194,8.203,8.192,8.198
1641262800,8.198,8.218,8.198,8.218
1641262860,8.218,8.23,8.217,8.229
1641262920,8.229,8.249,8.228,8.24
1641262980,8.24,8.24,8.231,8.234
1641263040,8.232,8.232,8.218,8.222
1641263100,8.224,8.244,8.224,8.231
1641263160,8.23,8.234,8.228,8.231
1641263220,8.232,8.242,8.23,8.237
1641263280,8.236,8.241,8.228,8.229
1641263340,8.229,8.231,8.22,8.221
1641263400,8.221,8.227,8.208,8.21
1641263460,8.212,8.225,8.209,8.218
1641263520,8.213,8.216,8.207,8.21
1641263580,8.21,8.217,8.206,8.206
1641263640,8.209,8.215,8.207,8.211
1641263700,8.211,8.212,8.192,8.199
1641263760,8.199,8.202,8.192,8.194
1641263820,8.194,8.194,8.173,8.181
1641263880,8.179,8.193,8.179,8.184
1641263940,8.182,8.197,8.179,8.196
1641264000,8.197,8.213,8.197,8.209
1641264060,8.21,8.215,8.21,8.212
1641264120,8.213,8.226,8.212,8.219
1641264180,8.218,8.236,8.207,8.227
1641264240,8.225,8.226,8.209,8.212
1641264300,8.212,8.218,8.191,8.201
1641264360,8.201,8.206,8.192,8.198
1641264420,8.197,8.209,8.19,8.208
1641264480,8.207,8.215,8.203,8.212
1641264540,8.21,8.211,8.185,8.19
1641264600,8.19,8.197,8.18,8.195
1641264660,8.193,8.195,8.184,8.186
1641264720,8.186,8.192,8.175,8.18
1641264780,8.178,8.188,8.162,8.162
1641264840,8.161,8.165,8.15,8.16
1641264900,8.16,8.178,8.156,8.163
1641264960,8.166,8.183,8.165,8.178
1641265020,8.177,8.177,8.164,8.169
1641265080,8.168,8.171,8.16,8.168
1641265140,8.168,8.171,8.162,8.169
1641265200,8.168,8.211,8.168,8.21
1641265260,8.207,8.207,8.187,8.187
1641265320,8.188,8.188,8.175,8.178
1641265380,8.179,8.183,8.163,8.166
1641265440,8.166,8.171,8.163,8.167
1641265500,8.167,8.177,8.16,8.163
1641265560,8.16,8.171,8.15,8.15
1641265620,8.153,8.159,8.139,8.15
1641265680,8.15,8.167,8.149,8.164
1641265740,8.163,8.175,8.163,8.169
1641265800,8.169,8.169,8.155,8.167
1641265860,8.167,8.179,8.162,8.164
1641265920,8.162,8.171,8.162,8.166
1641265980,8.163,8.171,8.145,8.154
1641266040,8.156,8.157,8.147,8.149
1641266100,8.145,8.153,8.134,8.141
1641266160,8.14,8.165,8.139,8.165
1641266220,8.164,8.173,8.156,8.173
1641266280,8.176,8.197,8.176,8.193
1641266340,8.191,8.196,8.18,8.191
1641266400,8.192,8.204,8.186,8.187
1641266460,8.186,8.193,8.183,8.187
1641266520,8.186,8.192,8.171,8.186
1641266580,8.188,8.199,8.185,8.19
1641266640,8.19,8.2,8.186,8.188
1641266700,8.191,8.197,8.176,8.177
1641266760,8.177,8.186,8.173,8.184
1641266820,8.184,8.185,8.175,8.18
1641266880,8.183,8.187,8.173,8.173
1641266940,8.174,8.186,8.174,8.182
1641267000,8.183,8.197,8.182,8.192
1641267060,8.193,8.208,8.192,8.204
1641267120,8.204,8.21,8.193,8.208
1641267180,8.205,8.208,8.193,8.194
1641267240,8.192,8.208,8.192,8.199
1641267300,8.198,8.204,8.194,8.201
1641267360,8.203,8.213,8.203,8.204
1641267420,8.204,8.212,8.2,8.21
1641267480,8.21,8.223,8.208,8.221
1641267540,8.221,8.223,8.21,8.216
1641267600,8.216,8.218,8.204,8.205
1641267660,8.204,8.204,8.193,8.196
1641267720,8.196,8.209,8.196,8.205
1641267780,8.205,8.213,8.2,8.203
1641267840,8.2,8.207,8.2,8.206
1641267900,8.206,8.218,8.205,8.212
1641267960,8.214,8.216,8.206,8.207
1641268020,8.209,8.222,8.208,8.222
1641268080,8.222,8.222,8.214,8.215
1641268140,8.216,8.237,8.215,8.231
1641268200,8.23,8.241,8.228,8.239
1641268260,8.239,8.247,8.233,8.245
1641268320,8.245,8.27,8.245,8.268
1641268380,8.264,8.265,8.253,8.258
1641268440,8.258,8.273,8.255,8.268
1641268500,8.269,8.27,8.255,8.268
1641268560,8.27,8.271,8.26,8.263
1641268620,8.26,8.261,8.25,8.256
1641268680,8.255,8.263,8.252,8.256
1641268740,8.254,8.254,8.234,8.24
1641268800,8.237,8.247,8.22,8.228
1641268860,8.227,8.249,8.22,8.248
1641268920,8.243,8.25,8.223,8.232
1641268980,8.231,8.242,8.226,8.242
1641269040,8.241,8.241,8.231,8.231
1641269100,8.232,8.232,8.203,8.208
1641269160,8.209,8.217,8.197,8.199
1641269220,8.201,8.201,8.18,8.184
1641269280,8.185,8.197,8.185,8.191
1641269340,8.191,8.206,8.189,8.204
1641269400,8.204,8.214,8.202,8.212
1641269460,8.211,8.231,8.211,8.228
1641269520,8.228,8.232,8.223,8.228
1641269580,8.227,8.234,8.223,8.23
1641269640,8.23,8.23,8.222,8.222
1641269700,8.222,8.222,8.201,8.208
1641269760,8.209,8.214,8.195,8.195
1641269820,8.197,8.204,8.186,8.187
1641269880,8.187,8.207,8.187,8.204
1641269940,8.207,8.21,8.199,8.201
1641270000,8.198,8.203,8.195,8.198
1641270060,8.198,8.22,8.198,8.22
1641270120,8.22,8.242,8.212,8.226
1641270180,8.225,8.233,8.214,8.219
1641270240,8.222,8.222,8.207,8.207
1641270300,8.216,8.216,8.197,8.197
1641270360,8.198,8.205,8.198,8.198
1641270420,8.198,8.205,8.197,8.2
1641270480,8.199,8.204,8.196,8.199
1641270540,8.199,8.206,8.195,8.201
1641270600,8.2,8.202,8.194,8.2
1641270660,8.197,8.205,8.197,8.203
1641270720,8.201,8.214,8.201,8.211
1641270780,8.211,8.219,8.202,8.214
1641270840,8.216,8.216,8.202,8.206
1641270900,8.206,8.209,8.2,8.203
1641270960,8.202,8.203,8.197,8.197
1641271020,8.197,8.2,8.187,8.187
1641271080,8.186,8.197,8.183,8.191
1641271140,8.19,8.19,8.15,8.154
1641271200,8.154,8.157,8.139,8.147
1641271260,8.142,8.156,8.137,8.154
1641271320,8.154,8.155,8.144,8.148
1641271380,8.15,8.153,8.137,8.153
1641271440,8.153,8.164,8.152,8.157
1641271500,8.158,8.168,8.156,8.166
1641271560,8.166,8.169,8.16,8.168
1641271620,8.168,8.169,8.152,8.161
1641271680,8.16,8.16,8.135,8.138
1641271740,8.138,8.144,8.137,8.141
1641271800,8.14,8.146,8.1,8.118
1641271860,8.118,8.134,8.114,8.128
1641271920,8.127,8.136,8.126,8.135
1641271980,8.135,8.135,8.121,8.123
1641272040,8.123,8.135,8.122,8.13
1641272100,8.13,8.139,8.129,8.137
1641272160,8.137,8.142,8.134,8.139
1641272220,8.141,8.145,8.137,8.145
1641272280,8.145,8.148,8.136,8.145
1641272340,8.147,8.147,8.14,8.145
1641272400,8.144,8.144,8.131,8.134
1641272460,8.133,8.154,8.132,8.149
1641272520,8.148,8.148,8.127,8.128
1641272580,8.128,8.14,8.125,8.138
1641272640,8.137,8.153,8.127,8.152
1641272700,8.152,8.158,8.144,8.154
1641272760,8.156,8.166,8.151,8.153
1641272820,8.153,8.159,8.151,8.155
1641272880,8.156,8.156,8.15,8.155
1641272940,8.155,8.163,8.155,8.163
1641273000,8.163,8.183,8.163,8.168
1641273060,8.166,8.179,8.164,8.179
1641273120,8.179,8.187,8.176,8.177
1641273180,8.178,8.186,8.175,8.175
1641273240,8.175,8.181,8.168,8.168
1641273300,8.17,8.173,8.167,8.17
1641273360,8.17,8.17,8.16,8.161
1641273420,8.162,8.171,8.159,8.171
1641273480,8.171,8.179,8.171,8.173
1641273540,8.174,8.189,8.172,8.188
1641273600,8.187,8.2,8.185,8.198
1641273660,8.199,8.199,8.188,8.191
1641273720,8.191,8.198,8.191,8.196
1641273780,8.197,8.197,8.19,8.197
1641273840,8.197,8.2,8.196,8.2
1641273900,8.199,8.199,8.189,8.192
1641273960,8.193,8.202,8.193,8.197
1641274020,8.196,8.204,8.195,8.204
1641274080,8.204,8.205,8.201,8.202
1641274140,8.202,8.202,8.19,8.195
1641274200,8.195,8.196,8.176,8.181
1641274260,8.181,8.188,8.177,8.184
1641274320,8.184,8.191,8.184,8.188
1641274380,8.188,8.188,8.167,8.167
1641274440,8.17,8.178,8.168,8.175
1641274500,8.175,8.181,8.162,8.163
1641274560,8.164,8.17,8.16,8.164
1641274620,8.164,8.164,8.161,8.161
1641274680,8.163,8.17,8.16,8.165
1641274740,8.163,8.164,8.151,8.155
1641274800,8.153,8.16,8.15,8.155
1641274860,8.156,8.157,8.148,8.15
1641274920,8.15,8.156,8.148,8.152
1641274980,8.152,8.154,8.148,8.154
1641275040,8.153,8.154,8.148,8.15
1641275100,8.149,8.162,8.142,8.162
1641275160,8.161,8.167,8.151,8.16
1641275220,8.161,8.163,8.154,8.156
1641275280,8.157,8.158,8.153,8.156
1641275340,8.156,8.156,8.139,8.143
1641275400,8.143,8.157,8.14,8.153
1641275460,8.153,8.171,8.153,8.166
1641275520,8.166,8.169,8.153,8.154
1641275580,8.156,8.156,8.154,8.156
1641275640,8.159,8.163,8.153,8.163
1641275700,8.163,8.167,8.162,8.164
1641275760,8.163,8.171,8.163,8.171
1641275820,8.173,8.184,8.171,8.181
1641275880,8.181,8.183,8.171,8.178
1641275940,8.178,8.188,8.176,8.186
1641276000,8.186,8.189,8.159,8.16
1641276060,8.158,8.158,8.149,8.154
1641276120,8.154,8.176,8.15,8.171
1641276180,8.172,8.177,8.159,8.159
1641276240,8.159,8.165,8.153,8.159
1641276300,8.159,8.17,8.159,8.169
1641276360,8.169,8.172,8.165,8.17
1641276420,8.17,8.181,8.164,8.181
1641276480,8.18,8.18,8.169,8.175
1641276540,8.173,8.174,8.169,8.17
1641276600,8.169,8.178,8.169,8.175
1641276660,8.175,8.175,8.164,8.174
1641276720,8.173,8.175,8.17,8.171
1641276780,8.17,8.182,8.168,8.174
1641276840,8.175,8.175,8.167,8.173
1641276900,8.173,8.185,8.17,8.181
1641276960,8.181,8.184,8.177,8.178
1641277020,8.178,8.178,8.16,8.163
1641277080,8.161,8.173,8.158,8.172
1641277140,8.166,8.173,8.162,8.171
1641277200,8.171,8.174,8.165,8.167
1641277260,8.166,8.176,8.165,8.172
1641277320,8.173,8.179,8.173,8.174
1641277380,8.176,8.183,8.175,8.176
1641277440,8.176,8.182,8.176,8.18
1641277500,8.18,8.184,8.177,8.18
1641277560,8.181,8.183,8.174,8.18
1641277620,8.18,8.183,8.176,8.18
1641277680,8.181,8.188,8.18,8.186
1641277740,8.186,8.202,8.186,8.194
1641277800,8.196,8.197,8.179,8.184
1641277860,8.183,8.19,8.182,8.188
1641277920,8.186,8.191,8.185,8.188
1641277980,8.189,8.192,8.179,8.192
1641278040,8.193,8.197,8.189,8.195
1641278100,8.195,8.207,8.195,8.204
1641278160,8.204,8.216,8.203,8.206
1641278220,8.209,8.21,8.198,8.204
1641278280,8.204,8.215,8.196,8.213
1641278340,8.212,8.212,8.202,8.206
1641278400,8.206,8.21,8.198,8.201
1641278460,8.201,8.215,8.199,8.209
1641278520,8.207,8.208,8.199,8.202
1641278580,8.201,8.212,8.196,8.199
1641278640,8.201,8.214,8.2,8.208
1641278700,8.208,8.209,8.196,8.197
1641278760,8.198,8.199,8.184,8.186
1641278820,8.186,8.187,8.179,8.182
1641278880,8.182,8.188,8.181,8.183
1641278940,8.183,8.187,8.173,8.176
1641279000,8.176,8.182,8.173,8.181
1641279060,8.181,8.184,8.176,8.178
1641279120,8.178,8.182,8.172,8.178
1641279180,8.177,8.188,8.177,8.188
1641279240,8.189,8.19,8.185,8.19
1641279300,8.189,8.199,8.184,8.194
1641279360,8.196,8.205,8.194,8.202
1641279420,8.201,8.205,8.198,8.205
1641279480,8.204,8.212,8.2,8.205
1641279540,8.205,8.205,8.199,8.205
1641279600,8.205,8.205,8.196,8.204
1641279660,8.204,8.222,8.2,8.221
1641279720,8.222,8.237,8.219,8.232
1641279780,8.232,8.232,8.218,8.229
1641279840,8.229,8.229,8.212,8.212
1641279900,8.214,8.226,8.213,8.225
1641279960,8.225,8.228,8.217,8.219
1641280020,8.218,8.227,8.216,8.221
1641280080,8.22,8.22,8.212,8.216
1641280140,8.217,8.223,8.215,8.217
1641280200,8.217,8.223,8.216,8.221
1641280260,8.22,8.225,8.216,8.221
1641280320,8.221,8.221,8.212,8.215
1641280380,8.217,8.218,8.208,8.21
1641280440,8.21,8.218,8.194,8.2
1641280500,8.198,8.199,8.185,8.186
1641280560,8.187,8.199,8.185,8.199
1641280620,8.199,8.206,8.196,8.2
1641280680,8.2,8.214,8.199,8.209
1641280740,8.209,8.216,8.208,8.212
1641280800,8.212,8.218,8.212,8.214
1641280860,8.216,8.225,8.212,8.212
1641280920,8.213,8.222,8.202,8.207
1641280980,8.206,8.212,8.203,8.212
1641281040,8.212,8.22,8.21,8.22
1641281100,8.22,8.226,8.216,8.224
1641281160,8.224,8.236,8.224,8.236
1641281220,8.237,8.241,8.234,8.24
1641281280,8.24,8.24,8.225,8.227
1641281340,8.228,8.236,8.227,8.231
1641281400,8.23,8.248,8.229,8.246
1641281460,8.245,8.245,8.224,8.228
1641281520,8.227,8.228,8.215,8.222
1641281580,8.222,8.224,8.212,8.213
1641281640,8.211,8.217,8.205,8.214
1641281700,8.217,8.223,8.203,8.203
1641281760,8.203,8.209,8.203,8.205
1641281820,8.205,8.222,8.205,8.213
1641281880,8.213,8.226,8.209,8.224
1641281940,8.222,8.224,8.216,8.224
1641282000,8.222,8.224,8.215,8.224
1641282060,8.223,8.224,8.216,8.217
1641282120,8.219,8.23,8.219,8.223
1641282180,8.224,8.229,8.22,8.229
1641282240,8.228,8.232,8.222,8.232
1641282300,8.232,8.235,8.221,8.226
1641282360,8.226,8.246,8.226,8.238
1641282420,8.239,8.24,8.232,8.232
1641282480,8.237,8.241,8.236,8.24
1641282540,8.239,8.242,8.236,8.238
1641282600,8.24,8.242,8.239,8.24
1641282660,8.24,8.246,8.24,8.246
1641282720,8.246,8.254,8.246,8.251
1641282780,8.252,8.26,8.246,8.253
1641282840,8.253,8.253,8.238,8.238
1641282900,8.24,8.248,8.239,8.248
1641282960,8.248,8.256,8.245,8.248
1641283020,8.249,8.263,8.249,8.256
1641283080,8.256,8.268,8.256,8.268
1641283140,8.269,8.277,8.262,8.277
1641283200,8.276,8.279,8.266,8.268
1641283260,8.269,8.275,8.257,8.259
1641283320,8.257,8.275,8.25,8.271
1641283380,8.268,8.27,8.259,8.267
1641283440,8.266,8.269,8.261,8.265
1641283500,8.267,8.286,8.266,8.281
1641283560,8.283,8.291,8.274,8.288
1641283620,8.288,8.306,8.284,8.297
1641283680,8.298,8.305,8.29,8.302
1641283740,8.302,8.328,8.297,8.325
1641283800,8.328,8.333,8.308,8.308
1641283860,8.308,8.327,8.306,8.317
1641283920,8.315,8.33,8.313,8.317
1641283980,8.319,8.321,8.309,8.315
1641284040,8.315,8.329,8.315,8.328
1641284100,8.328,8.328,8.306,8.311
1641284160,8.311,8.318,8.31,8.313
1641284220,8.31,8.327,8.307,8.312
1641284280,8.31,8.31,8.289,8.293
1641284340,8.293,8.294,8.28,8.283
1641284400,8.284,8.288,8.27,8.273
1641284460,8.273,8.28,8.273,8.28
1641284520,8.279,8.38,8.275,8.376
1641284580,8.377,8.397,8.353,8.375
1641284640,8.374,8.396,8.354,8.364
1641284700,8.364,8.386,8.359,8.377
1641284760,8.377,8.395,8.368,8.391
1641284820,8.393,8.401,8.378,8.379
1641284880,8.379,8.405,8.377,8.4
1641284940,8.4,8.411,8.388,8.406
1641285000,8.405,8.427,8.4,8.424
1641285060,8.423,8.437,8.409,8.416
1641285120,8.418,8.437,8.41,8.43
1641285180,8.431,8.433,8.418,8.432
1641285240,8.432,8.445,8.429,8.443
1641285300,8.444,8.471,8.439,8.461
1641285360,8.46,8.49,8.458,8.484
1641285420,8.486,8.494,8.469,8.487
1641285480,8.488,8.502,8.431,8.435
1641285540,8.435,8.445,8.414,8.433
1641285600,8.433,8.448,8.43,8.434
1641285660,8.434,8.482,8.433,8.478
1641285720,8.479,8.481,8.47,8.477
1641285780,8.477,8.48,8.454,8.463
1641285840,8.463,8.471,8.46,8.463
1641285900,8.463,8.466,8.43,8.445
1641285960,8.445,8.447,8.4,8.431
1641286020,8.432,8.452,8.412,8.45
1641286080,8.452,8.456,8.435,8.449
1641286140,8.447,8.448,8.434,8.438
1641286200,8.435,8.443,8.429,8.44
1641286260,8.439,8.446,8.428,8.445
1641286320,8.446,8.463,8.446,8.454
1641286380,8.454,8.457,8.441,8.45
1641286440,8.448,8.464,8.441,8.463
1641286500,8.461,8.475,8.46,8.469
1641286560,8.469,8.471,8.455,8.457
1641286620,8.459,8.464,8.441,8.443
1641286680,8.441,8.454,8.436,8.445
1641286740,8.444,8.447,8.401,8.411
1641286800,8.409,8.416,8.364,8.372
1641286860,8.37,8.386,8.342,8.358
1641286920,8.358,8.385,8.353,8.37
1641286980,8.372,8.395,8.372,8.393
1641287040,8.394,8.424,8.394,8.417
1641287100,8.417,8.441,8.414,8.424
1641287160,8.425,8.447,8.413,8.445
1641287220,8.447,8.471,8.445,8.45
1641287280,8.448,8.459,8.437,8.458
1641287340,8.46,8.462,8.418,8.438
1641287400,8.439,8.458,8.43,8.457
1641287460,8.457,8.461,8.446,8.454
1641287520,8.453,8.462,8.439,8.46
1641287580,8.462,8.466,8.445,8.46
1641287640,8.46,8.466,8.445,8.448
1641287700,8.446,8.466,8.442,8.466
1641287760,8.466,8.478,8.46,8.477
1641287820,8.478,8.487,8.475,8.481
1641287880,8.477,8.498,8.477,8.497
1641287940,8.496,8.498,8.478,8.491
1641288000,8.49,8.495,8.476,8.49
1641288060,8.491,8.498,8.472,8.477
1641288120,8.474,8.481,8.457,8.469
1641288180,8.469,8.489,8.468,8.487
1641288240,8.486,8.487,8.462,8.482
1641288300,8.48,8.487,8.478,8.482
1641288360,8.482,8.482,8.454,8.467
1641288420,8.467,8.468,8.438,8.443
1641288480,8.446,8.453,8.443,8.444
1641288540,8.446,8.452,8.443,8.452
1641288600,8.453,8.472,8.446,8.471
1641288660,8.471,8.492,8.468,8.486
1641288720,8.486,8.491,8.477,8.482
1641288780,8.482,8.49,8.449,8.457
1641288840,8.455,8.455,8.433,8.448
1641288900,8.445,8.446,8.411,8.435
1641288960,8.434,8.449,8.429,8.436
1641289020,8.435,8.446,8.432,8.436
1641289080,8.439,8.453,8.439,8.453
1641289140,8.454,8.474,8.454,8.473
1641289200,8.475,8.477,8.458,8.464
1641289260,8.466,8.472,8.454,8.465
1641289320,8.465,8.481,8.465,8.481
1641289380,8.481,8.481,8.468,8.477
1641289440,8.474,8.482,8.474,8.479
1641289500,8.476,8.48,8.463,8.479
1641289560,8.476,8.48,8.467,8.467
1641289620,8.469,8.472,8.455,8.46
1641289680,8.46,8.47,8.449,8.45
1641289740,8.448,8.465,8.443,8.46
1641289800,8.46,8.47,8.454,8.464
1641289860,8.463,8.477,8.463,8.472
1641289920,8.475,8.5,8.472,8.489
1641289980,8.49,8.495,8.475,8.48
1641290040,8.48,8.486,8.473,8.476
1641290100,8.474,8.487,8.472,8.483
1641290160,8.483,8.495,8.483,8.494
1641290220,8.495,8.5,8.491,8.495
1641290280,8.495,8.522,8.495,8.51
1641290340,8.51,8.524,8.508,8.515
1641290400,8.513,8.517,8.492,8.506
1641290460,8.506,8.513,8.505,8.511
1641290520,8.509,8.509,8.502,8.505
1641290580,8.505,8.506,8.487,8.497
1641290640,8.495,8.499,8.493,8.498
1641290700,8.493,8.495,8.469,8.482
1641290760,8.483,8.495,8.482,8.493
1641290820,8.494,8.497,8.481,8.481
1641290880,8.481,8.482,8.46,8.46
1641290940,8.459,8.477,8.459,8.467
1641291000,8.467,8.469,8.46,8.464
1641291060,8.463,8.47,8.451,8.454
1641291120,8.457,8.469,8.455,8.467
1641291180,8.469,8.487,8.466,8.478
1641291240,8.481,8.499,8.478,8.499
1641291300,8.499,8.512,8.496,8.512
1641291360,8.511,8.516,8.503,8.503
1641291420,8.504,8.513,8.503,8.511
1641291480,8.511,8.511,8.502,8.507
1641291540,8.504,8.534,8.504,8.534
1641291600,8.534,8.556,8.531,8.551
1641291660,8.548,8.551,8.525,8.53
1641291720,8.528,8.532,8.5,8.505
1641291780,8.507,8.521,8.504,8.511
1641291840,8.51,8.529,8.51,8.525
1641291900,8.528,8.541,8.523,8.534
1641291960,8.535,8.544,8.533,8.54
1641292020,8.54,8.557,8.538,8.555
1641292080,8.552,8.577,8.55,8.57
1641292140,8.567,8.568,8.535,8.541
1641292200,8.545,8.562,8.537,8.557
1641292260,8.556,8.565,8.551,8.556
1641292320,8.556,8.558,8.541,8.542
1641292380,8.542,8.542,8.471,8.477
1641292440,8.477,8.503,8.474,8.492
1641292500,8.496,8.507,8.491,8.498
1641292560,8.496,8.496,8.478,8.488
1641292620,8.488,8.491,8.482,8.482
1641292680,8.482,8.497,8.482,8.49
1641292740,8.487,8.52,8.486,8.514
1641292800,8.51,8.511,8.476,8.492
1641292860,8.49,8.496,8.483,8.494
1641292920,8.496,8.511,8.496,8.506
1641292980,8.505,8.531,8.502,8.521
1641293040,8.519,8.526,8.511,8.514
1641293100,8.514,8.52,8.504,8.519
1641293160,8.52,8.526,8.518,8.52
1641293220,8.519,8.537,8.516,8.535
1641293280,8.531,8.56,8.531,8.545
1641293340,8.545,8.558,8.539,8.555
1641293400,8.558,8.567,8.55,8.55
1641293460,8.552,8.558,8.538,8.555
1641293520,8.558,8.565,8.55,8.563
1641293580,8.561,8.562,8.549,8.553
1641293640,8.556,8.559,8.54,8.556
1641293700,8.552,8.56,8.538,8.55
1641293760,8.555,8.562,8.542,8.562
1641293820,8.561,8.572,8.56,8.57
1641293880,8.571,8.574,8.565,8.565
1641293940,8.568,8.574,8.554,8.569
1641294000,8.569,8.583,8.564,8.579
1641294060,8.578,8.599,8.577,8.599
1641294120,8.599,8.609,8.583,8.598
1641294180,8.594,8.609,8.59,8.592
1641294240,8.595,8.609,8.587,8.602
1641294300,8.6,8.606,8.593,8.606
1641294360,8.605,8.62,8.601,8.62
1641294420,8.619,8.636,8.619,8.635
1641294480,8.637,8.642,8.61,8.632
1641294540,8.633,8.673,8.62,8.663
1641294600,8.663,8.693,8.659,8.668
1641294660,8.668,8.688,8.656,8.683
1641294720,8.682,8.687,8.672,8.679
1641294780,8.68,8.681,8.665,8.679
1641294840,8.676,8.695,8.67,8.683
1641294900,8.683,8.697,8.679,8.69
1641294960,8.689,8.722,8.688,8.706
1641295020,8.707,8.736,8.698,8.733
1641295080,8.73,8.743,8.715,8.726
1641295140,8.728,8.736,8.721,8.724
1641295200,8.724,8.74,8.722,8.732
1641295260,8.733,8.8,8.731,8.744
1641295320,8.743,8.781,8.731,8.752
1641295380,8.752,8.752,8.735,8.742
1641295440,8.743,8.743,8.73,8.731
1641295500,8.73,8.745,8.73,8.745
1641295560,8.744,8.752,8.732,8.736
1641295620,8.734,8.741,8.73,8.731
1641295680,8.731,8.736,8.73,8.731
1641295740,8.731,8.74,8.73,8.737
1641295800,8.735,8.748,8.73,8.743
1641295860,8.744,8.776,8.742,8.75
1641295920,8.75,8.754,8.742,8.742
1641295980,8.744,8.744,8.665,8.68
1641296040,8.681,8.696,8.664,8.691
1641296100,8.69,8.713,8.69,8.713
1641296160,8.712,8.718,8.698,8.699
1641296220,8.699,8.715,8.699,8.715
1641296280,8.715,8.724,8.709,8.711
1641296340,8.711,8.734,8.707,8.731
1641296400,8.731,8.743,8.73,8.743
1641296460,8.743,8.751,8.73,8.737
1641296520,8.739,8.747,8.734,8.743
1641296580,8.742,8.745,8.737,8.743
1641296640,8.743,8.745,8.736,8.738
1641296700,8.737,8.751,8.726,8.742
1641296760,8.742,8.747,8.727,8.732
1641296820,8.731,8.734,8.711,8.716
1641296880,8.714,8.718,8.7,8.702
1641296940,8.704,8.708,8.69,8.694
1641297000,8.694,8.694,8.656,8.679
1641297060,8.679,8.71,8.672,8.71
1641297120,8.71,8.728,8.699,8.722
1641297180,8.722,8.727,8.702,8.709
1641297240,8.709,8.723,8.706,8.706
1641297300,8.707,8.718,8.701,8.703
1641297360,8.701,8.703,8.667,8.679
1641297420,8.681,8.689,8.675,8.675
1641297480,8.676,8.695,8.675,8.679
1641297540,8.682,8.69,8.68,8.685
1641297600,8.687,8.714,8.686,8.711
1641297660,8.711,8.712,8.685,8.691
1641297720,8.69,8.69,8.68,8.68
1641297780,8.68,8.68,8.655,8.659
1641297840,8.659,8.669,8.655,8.662
1641297900,8.66,8.67,8.63,8.638
1641297960,8.637,8.66,8.635,8.651
1641298020,8.654,8.663,8.64,8.641
1641298080,8.644,8.652,8.618,8.634
1641298140,8.636,8.636,8.606,8.613
1641298200,8.614,8.638,8.612,8.636
1641298260,8.636,8.639,8.627,8.63
1641298320,8.629,8.629,8.592,8.593
1641298380,8.592,8.619,8.574,8.613
1641298440,8.614,8.617,8.597,8.615
1641298500,8.616,8.629,8.606,8.62
1641298560,8.621,8.629,8.621,8.629
1641298620,8.628,8.644,8.628,8.644
1641298680,8.64,8.649,8.632,8.644
1641298740,8.646,8.669,8.644,8.668
1641298800,8.666,8.679,8.659,8.662
1641298860,8.662,8.662,8.638,8.655
1641298920,8.657,8.678,8.657,8.667
1641298980,8.671,8.671,8.655,8.656
1641299040,8.656,8.656,8.623,8.631
1641299100,8.636,8.645,8.627,8.629
1641299160,8.626,8.629,8.605,8.62
1641299220,8.62,8.643,8.62,8.642
1641299280,8.643,8.647,8.616,8.616
1641299340,8.614,8.625,8.614,8.617
1641299400,8.617,8.632,8.606,8.627
1641299460,8.629,8.645,8.62,8.645
1641299520,8.644,8.647,8.622,8.629
1641299580,8.629,8.641,8.62,8.636
1641299640,8.636,8.639,8.632,8.637
1641299700,8.639,8.639,8.623,8.623
1641299760,8.623,8.631,8.613,8.63
1641299820,8.631,8.64,8.623,8.623
1641299880,8.622,8.639,8.62,8.636
1641299940,8.639,8.639,8.615,8.617
1641300000,8.615,8.62,8.607,8.62
1641300060,8.62,8.628,8.62,8.623
1641300120,8.623,8.626,8.61,8.619
1641300180,8.618,8.623,8.617,8.617
1641300240,8.62,8.626,8.615,8.615
1641300300,8.614,8.632,8.61,8.63
1641300360,8.632,8.65,8.631,8.637
1641300420,8.64,8.646,8.613,8.616
1641300480,8.619,8.624,8.613,8.618
1641300540,8.623,8.63,8.612,8.618
1641300600,8.617,8.618,8.612,8.616
1641300660,8.616,8.626,8.612,8.62
1641300720,8.617,8.623,8.617,8.623
1641300780,8.626,8.639,8.626,8.629
1641300840,8.629,8.642,8.625,8.625
1641300900,8.628,8.628,8.615,8.623
1641300960,8.623,8.636,8.623,8.633
1641301020,8.635,8.636,8.627,8.634
1641301080,8.636,8.641,8.636,8.639
1641301140,8.637,8.666,8.637,8.656
1641301200,8.656,8.657,8.643,8.65
1641301260,8.652,8.664,8.652,8.658
1641301320,8.661,8.664,8.641,8.641
1641301380,8.64,8.646,8.631,8.632
1641301440,8.63,8.636,8.618,8.62
1641301500,8.62,8.627,8.618,8.62
1641301560,8.62,8.627,8.588,8.593
1641301620,8.592,8.592,8.551,8.564
1641301680,8.564,8.57,8.555,8.558
1641301740,8.557,8.558,8.521,8.524
1641301800,8.524,8.543,8.524,8.529
1641301860,8.525,8.54,8.519,8.535
1641301920,8.532,8.548,8.505,8.508
1641301980,8.51,8.524,8.5,8.519
1641302040,8.519,8.529,8.5,8.504
1641302100,8.504,8.533,8.489,8.524
1641302160,8.526,8.529,8.5,8.5
1641302220,8.501,8.505,8.455,8.483
1641302280,8.484,8.502,8.484,8.502
1641302340,8.501,8.503,8.494,8.5
1641302400,8.498,8.519,8.494,8.517
1641302460,8.516,8.536,8.514,8.531
1641302520,8.528,8.544,8.528,8.542
1641302580,8.542,8.549,8.54,8.544
1641302640,8.548,8.557,8.541,8.55
1641302700,8.546,8.561,8.535,8.559
1641302760,8.56,8.58,8.559,8.58
1641302820,8.575,8.596,8.567,8.579
1641302880,8.579,8.606,8.576,8.601
1641302940,8.602,8.61,8.591,8.604
1641303000,8.605,8.609,8.582,8.587
1641303060,8.585,8.586,8.57,8.577
1641303120,8.579,8.608,8.577,8.594
1641303180,8.592,8.608,8.59,8.602
1641303240,8.605,8.608,8.59,8.603
1641303300,8.608,8.61,8.593,8.61
1641303360,8.608,8.669,8.606,8.642
1641303420,8.645,8.684,8.644,8.67
1641303480,8.668,8.684,8.653,8.671
1641303540,8.673,8.685,8.662,8.683
1641303600,8.68,8.681,8.666,8.671
1641303660,8.674,8.676,8.659,8.665
1641303720,8.666,8.668,8.644,8.651
1641303780,8.649,8.649,8.626,8.635
1641303840,8.632,8.644,8.629,8.639
1641303900,8.639,8.644,8.631,8.638
1641303960,8.636,8.655,8.634,8.649
1641304020,8.649,8.666,8.641,8.662
1641304080,8.662,8.672,8.654,8.67
1641304140,8.67,8.679,8.652,8.656
1641304200,8.653,8.675,8.653,8.674
1641304260,8.676,8.677,8.651,8.663
1641304320,8.663,8.682,8.657,8.682
1641304380,8.682,8.698,8.668,8.692
1641304440,8.692,8.699,8.668,8.681
1641304500,8.682,8.683,8.663,8.676
1641304560,8.676,8.678,8.656,8.672
1641304620,8.672,8.685,8.666,8.682
1641304680,8.681,8.684,8.662,8.665
1641304740,8.664,8.714,8.664,8.696
1641304800,8.695,8.72,8.695,8.702
1641304860,8.701,8.707,8.682,8.693
1641304920,8.692,8.702,8.685,8.686
1641304980,8.687,8.692,8.677,8.68
1641305040,8.68,8.686,8.66,8.662
1641305100,8.66,8.669,8.631,8.633
1641305160,8.636,8.639,8.616,8.618
1641305220,8.618,8.642,8.604,8.641
1641305280,8.641,8.676,8.641,8.658
1641305340,8.654,8.662,8.63,8.654
1641305400,8.653,8.659,8.641,8.659
1641305460,8.658,8.658,8.639,8.644
1641305520,8.645,8.651,8.631,8.65
1641305580,8.646,8.649,8.637,8.643
1641305640,8.645,8.647,8.63,8.632
1641305700,8.635,8.642,8.63,8.637
1641305760,8.637,8.648,8.631,8.648
1641305820,8.649,8.654,8.634,8.64
1641305880,8.639,8.64,8.625,8.631
1641305940,8.633,8.633,8.625,8.628
1641306000,8.627,8.638,8.622,8.638
1641306060,8.636,8.647,8.635,8.644
1641306120,8.647,8.652,8.64,8.643
1641306180,8.643,8.643,8.63,8.63
1641306240,8.629,8.637,8.625,8.627
1641306300,8.626,8.634,8.621,8.63
1641306360,8.628,8.647,8.625,8.639
1641306420,8.639,8.65,8.638,8.643
1641306480,8.644,8.648,8.639,8.642
1641306540,8.641,8.643,8.636,8.639
1641306600,8.641,8.647,8.64,8.645
1641306660,8.644,8.647,8.633,8.64
1641306720,8.639,8.647,8.636,8.638
1641306780,8.638,8.638,8.577,8.591
1641306840,8.588,8.605,8.573,8.575
1641306900,8.577,8.583,8.552,8.56
1641306960,8.562,8.568,8.545,8.562
1641307020,8.559,8.569,8.525,8.529
1641307080,8.53,8.538,8.526,8.536
1641307140,8.535,8.561,8.535,8.553
1641307200,8.553,8.57,8.552,8.569
1641307260,8.569,8.578,8.558,8.571
1641307320,8.573,8.591,8.556,8.556
1641307380,8.553,8.565,8.553,8.564
1641307440,8.564,8.58,8.564,8.578
1641307500,8.578,8.611,8.578,8.606
1641307560,8.606,8.607,8.587,8.599
1641307620,8.594,8.629,8.591,8.626
1641307680,8.626,8.635,8.619,8.625
1641307740,8.628,8.652,8.618,8.638
1641307800,8.643,8.655,8.624,8.624
1641307860,8.623,8.63,8.596,8.615
1641307920,8.615,8.637,8.61,8.62
1641307980,8.619,8.619,8.601,8.607
1641308040,8.612,8.633,8.612,8.624
1641308100,8.629,8.637,8.621,8.635
1641308160,8.637,8.64,8.625,8.628
1641308220,8.628,8.629,8.611,8.619
1641308280,8.616,8.62,8.574,8.603
1641308340,8.604,8.61,8.577,8.596
1641308400,8.598,8.617,8.598,8.617
1641308460,8.611,8.624,8.606,8.624
1641308520,8.625,8.632,8.606,8.614
1641308580,8.614,8.619,8.607,8.613
1641308640,8.611,8.612,8.598,8.598
1641308700,8.601,8.602,8.583,8.59
1641308760,8.587,8.589,8.561,8.561
1641308820,8.564,8.577,8.553,8.573
1641308880,8.572,8.59,8.571,8.59
1641308940,8.589,8.595,8.578,8.586
1641309000,8.59,8.607,8.588,8.599
1641309060,8.599,8.602,8.579,8.586
1641309120,8.585,8.594,8.58,8.589
1641309180,8.586,8.59,8.579,8.586
1641309240,8.585,8.608,8.576,8.596
1641309300,8.595,8.621,8.584,8.621
1641309360,8.62,8.627,8.593,8.601
1641309420,8.599,8.6,8.576,8.586
1641309480,8.586,8.598,8.585,8.589
1641309540,8.589,8.591,8.569,8.574
1641309600,8.574,8.577,8.553,8.569
1641309660,8.566,8.57,8.561,8.567
1641309720,8.561,8.574,8.554,8.567
1641309780,8.568,8.57,8.56,8.562
1641309840,8.563,8.569,8.561,8.565
1641309900,8.564,8.57,8.56,8.567
1641309960,8.567,8.575,8.566,8.57
1641310020,8.57,8.571,8.56,8.565
1641310080,8.562,8.57,8.56,8.567
1641310140,8.568,8.576,8.567,8.569
1641310200,8.571,8.576,8.57,8.57
1641310260,8.57,8.577,8.568,8.573
1641310320,8.575,8.575,8.56,8.562
1641310380,8.561,8.561,8.542,8.545
1641310440,8.544,8.546,8.53,8.53
1641310500,8.53,8.534,8.514,8.533
1641310560,8.533,8.539,8.52,8.524
1641310620,8.524,8.524,8.503,8.506
1641310680,8.508,8.512,8.481,8.488
1641310740,8.487,8.507,8.481,8.502
1641310800,8.503,8.52,8.502,8.513
1641310860,8.513,8.513,8.497,8.511
1641310920,8.511,8.529,8.511,8.523
1641310980,8.52,8.525,8.504,8.507
1641311040,8.506,8.51,8.493,8.493
1641311100,8.492,8.523,8.491,8.523
1641311160,8.523,8.533,8.509,8.528
1641311220,8.528,8.532,8.51,8.518
1641311280,8.515,8.544,8.515,8.543
1641311340,8.544,8.557,8.541,8.546
1641311400,8.546,8.557,8.543,8.55
1641311460,8.55,8.555,8.55,8.555
1641311520,8.555,8.555,8.522,8.522
1641311580,8.522,8.522,8.511,8.511
1641311640,8.512,8.521,8.48,8.493
1641311700,8.493,8.493,8.426,8.432
1641311760,8.433,8.453,8.429,8.435
1641311820,8.438,8.444,8.431,8.433
1641311880,8.439,8.457,8.434,8.442
1641311940,8.44,8.461,8.432,8.457
1641312000,8.456,8.46,8.409,8.415
1641312060,8.413,8.431,8.404,8.424
1641312120,8.424,8.437,8.411,8.414
1641312180,8.414,8.416,8.361,8.378
1641312240,8.378,8.38,8.351,8.362
1641312300,8.364,8.38,8.362,8.367
1641312360,8.366,8.374,8.357,8.369
1641312420,8.364,8.393,8.361,8.393
1641312480,8.393,8.418,8.391,8.416
1641312540,8.416,8.427,8.394,8.396
1641312600,8.395,8.431,8.394,8.424
1641312660,8.425,8.433,8.412,8.431
1641312720,8.428,8.47,8.427,8.452
1641312780,8.455,8.465,8.437,8.462
1641312840,8.46,8.461,8.438,8.438
1641312900,8.438,8.451,8.404,8.41
1641312960,8.41,8.436,8.41,8.43
1641313020,8.429,8.444,8.423,8.444
1641313080,8.443,8.464,8.436,8.453
1641313140,8.453,8.463,8.452,8.453
1641313200,8.456,8.466,8.445,8.464
1641313260,8.463,8.463,8.433,8.437
1641313320,8.441,8.444,8.434,8.437
1641313380,8.437,8.439,8.413,8.422
1641313440,8.428,8.428,8.42,8.422
1641313500,8.423,8.424,8.397,8.4
1641313560,8.399,8.404,8.394,8.4
1641313620,8.401,8.404,8.388,8.39
1641313680,8.389,8.39,8.364,8.365
1641313740,8.368,8.391,8.364,8.39
1641313800,8.39,8.4,8.375,8.396
1641313860,8.395,8.41,8.393,8.396
1641313920,8.396,8.414,8.386,8.41
1641313980,8.411,8.418,8.406,8.413
1641314040,8.412,8.432,8.41,8.432
1641314100,8.432,8.445,8.428,8.443
1641314160,8.441,8.446,8.436,8.446
1641314220,8.445,8.445,8.433,8.444
1641314280,8.443,8.444,8.442,8.443
1641314340,8.441,8.448,8.432,8.44
1641314400,8.437,8.46,8.437,8.441
1641314460,8.446,8.46,8.446,8.453
1641314520,8.452,8.478,8.452,8.465
1641314580,8.464,8.465,8.452,8.456
1641314640,8.461,8.469,8.453,8.469
1641314700,8.469,8.484,8.466,8.474
1641314760,8.477,8.497,8.475,8.497
1641314820,8.496,8.507,8.491,8.5
1641314880,8.498,8.5,8.483,8.488
1641314940,8.488,8.505,8.488,8.502
1641315000,8.506,8.514,8.5,8.508
1641315060,8.507,8.507,8.485,8.487
1641315120,8.487,8.496,8.487,8.495
1641315180,8.495,8.496,8.482,8.484
1641315240,8.486,8.498,8.483,8.494
1641315300,8.495,8.499,8.493,8.496
1641315360,8.493,8.496,8.491,8.494
1641315420,8.492,8.496,8.463,8.464
1641315480,8.463,8.476,8.459,8.467
1641315540,8.469,8.485,8.468,8.477
1641315600,8.478,8.491,8.469,8.489
1641315660,8.49,8.495,8.485,8.487
1641315720,8.487,8.531,8.478,8.521
1641315780,8.52,8.523,8.507,8.522
1641315840,8.523,8.528,8.514,8.528
1641315900,8.528,8.531,8.515,8.525
1641315960,8.525,8.525,8.492,8.494
1641316020,8.493,8.495,8.481,8.487
1641316080,8.487,8.487,8.476,8.478
1641316140,8.476,8.476,8.465,8.47
1641316200,8.469,8.492,8.469,8.483
1641316260,8.482,8.491,8.479,8.487
1641316320,8.486,8.504,8.486,8.498
1641316380,8.498,8.505,8.497,8.505
1641316440,8.503,8.505,8.492,8.494
1641316500,8.495,8.513,8.495,8.513
1641316560,8.514,8.525,8.504,8.524
1641316620,8.524,8.537,8.52,8.528
1641316680,8.523,8.542,8.522,8.539
1641316740,8.537,8.54,8.526,8.535
1641316800,8.534,8.54,8.526,8.54
1641316860,8.54,8.545,8.535,8.543
1641316920,8.544,8.544,8.524,8.527
1641316980,8.528,8.53,8.514,8.52
1641317040,8.521,8.527,8.519,8.523
1641317100,8.525,8.525,8.517,8.524
1641317160,8.524,8.528,8.521,8.524
1641317220,8.523,8.523,8.504,8.512
1641317280,8.51,8.521,8.508,8.521
1641317340,8.519,8.52,8.511,8.513
1641317400,8.512,8.519,8.508,8.514
1641317460,8.508,8.515,8.503,8.513
1641317520,8.515,8.532,8.514,8.52
1641317580,8.522,8.528,8.522,8.527
1641317640,8.527,8.531,8.524,8.528
1641317700,8.527,8.545,8.527,8.541
1641317760,8.542,8.544,8.538,8.54
1641317820,8.542,8.552,8.541,8.552
1641317880,8.551,8.552,8.54,8.544
1641317940,8.545,8.55,8.542,8.548
1641318000,8.55,8.553,8.536,8.539
1641318060,8.537,8.541,8.52,8.524
1641318120,8.524,8.524,8.52,8.523
1641318180,8.52,8.525,8.512,8.524
1641318240,8.525,8.532,8.525,8.528
1641318300,8.525,8.527,8.521,8.524
1641318360,8.522,8.526,8.52,8.521
1641318420,8.523,8.531,8.52,8.529
1641318480,8.527,8.529,8.513,8.515
1641318540,8.513,8.521,8.508,8.514
1641318600,8.514,8.52,8.51,8.515
1641318660,8.517,8.518,8.512,8.512
1641318720,8.513,8.513,8.479,8.48
1641318780,8.48,8.486,8.455,8.459
1641318840,8.458,8.469,8.451,8.453
1641318900,8.453,8.457,8.446,8.456
1641318960,8.456,8.457,8.418,8.419
1641319020,8.42,8.42,8.39,8.406
1641319080,8.407,8.414,8.385,8.394
1641319140,8.394,8.404,8.38,8.404
1641319200,8.401,8.413,8.401,8.407
1641319260,8.413,8.427,8.409,8.425
1641319320,8.425,8.438,8.423,8.435
1641319380,8.435,8.436,8.406,8.422
1641319440,8.421,8.428,8.42,8.424
1641319500,8.424,8.443,8.42,8.44
1641319560,8.439,8.459,8.439,8.454
1641319620,8.451,8.458,8.45,8.452
1641319680,8.45,8.464,8.448,8.462
1641319740,8.461,8.469,8.455,8.456
1641319800,8.455,8.458,8.436,8.444
1641319860,8.44,8.448,8.432,8.443
1641319920,8.445,8.445,8.432,8.435
1641319980,8.435,8.435,8.408,8.408
1641320040,8.417,8.417,8.396,8.397
1641320100,8.397,8.414,8.397,8.408
1641320160,8.409,8.413,8.399,8.411
1641320220,8.412,8.414,8.401,8.41
1641320280,8.41,8.411,8.403,8.408
1641320340,8.409,8.418,8.409,8.416
1641320400,8.417,8.427,8.415,8.416
1641320460,8.418,8.424,8.407,8.407
1641320520,8.405,8.408,8.402,8.404
1641320580,8.403,8.404,8.37,8.37
1641320640,8.373,8.373,8.315,8.329
1641320700,8.327,8.352,8.293,8.302
1641320760,8.306,8.306,8.275,8.282
1641320820,8.282,8.282,8.235,8.249
1641320880,8.249,8.258,8.238,8.247
1641320940,8.251,8.256,8.208,8.223
1641321000,8.222,8.245,8.199,8.2
1641321060,8.199,8.231,8.171,8.23
1641321120,8.23,8.232,8.189,8.209
1641321180,8.209,8.221,8.203,8.21
1641321240,8.205,8.213,8.193,8.196
1641321300,8.201,8.21,8.155,8.161
