evt_block_time,torn_balance,torn_price,tvl
2021-10-16T15:19:00+00:00,33064.417736429802,69.54,2299299.6093913284
2021-10-16T15:54:00+00:00,33072.8815055065562323,69.84,2309810.044344578
2021-10-16T15:55:00+00:00,33064.4177364298020000,69.84,2309218.9347122572
2021-10-19T01:58:00+00:00,32464.4177364298020000,73.31,2379966.4642576687
2021-10-19T06:55:00+00:00,32399.0256064298020000,72.39,2345365.463649453
2021-10-19T10:49:00+00:00,32304.4065160033672061,71.72,2316872.0353277614
2021-10-19T10:58:00+00:00,18114.7265160033672061,71.64,1297739.0076064812
2021-10-19T11:17:00+00:00,17114.7265160033672061,71.09,1216685.9080226794
2021-10-19T18:01:00+00:00,16425.7607160033672061,71.39,1172635.0575154803
2021-10-20T10:29:00+00:00,16325.7607160033672061,69.83,1140027.8707985152
2021-10-23T14:21:00+00:00,18447.8755722987291926,67.54,1245969.5161530564
2021-10-23T16:18:00+00:00,18247.8755722987291926,67.94,1239760.6663819756
2021-11-07T09:24:00+00:00,17996.3442997597340207,56.39,1014813.8550634515
2021-11-07T19:06:00+00:00,17876.3442997597340207,57.34,1025029.5821482232
2021-11-07T21:56:00+00:00,17731.2975785050732981,56.9,1008910.8322169386
2021-11-09T07:32:00+00:00,17421.2506101299372737,58.62,1021233.7107658169
2021-11-13T10:37:00+00:00,17437.8380641145557563,54.6,952105.9583006548
2021-11-14T07:46:00+00:00,17325.7177598946036052,55.59,963136.6502725411
2021-11-26T19:58:00+00:00,17278.2477598946036052,46.48,803092.9558799011
2021-11-28T09:53:00+00:00,17274.4408598946036052,45.11,779250.0271898456
2021-12-09T02:02:00+00:00,19574.2797897671323244,36.8,720333.4962634305
2021-12-11T17:37:00+00:00,17274.4408598946036052,41.74,721035.1614920008
2021-12-27T15:02:00+00:00,17410.7412395109375890,41.86,728813.6282859279
2021-12-29T09:06:00+00:00,22708.1037195779622824,38.8,881074.4243196248
2022-01-15T08:46:00+00:00,22642.3037195779622824,35.63,806745.2815285628
2022-01-15T08:49:00+00:00,22621.0585283270940641,35.63,805988.3153642945
2022-02-10T09:33:00+00:00,22612.9327219851683042,26.38,596529.1652059688
2022-02-10T11:59:00+00:00,22933.9327219851683042,26.79,614400.0576219826
2022-02-12T14:54:00+00:00,23933.9327219851683042,23.29,557421.2930950345
2022-02-14T10:57:00+00:00,23940.2965747425350131,23.34,558766.5220544907
2022-02-14T12:23:00+00:00,24164.5800411178627917,23.9,577533.462982717
2022-02-14T15:46:00+00:00,24295.2333031478627917,24.82,603007.69058413
2022-02-14T16:19:00+00:00,24645.2333031478627917,24.87,612926.9522492874
2022-02-15T00:10:00+00:00,24671.9345331478627917,25.6,631601.5240485853
2022-02-15T05:39:00+00:00,24786.4928074343175264,26.41,654611.2750443404
2022-02-15T08:46:00+00:00,28975.9519853839960486,26.8,776555.5132082911
2022-02-15T11:45:00+00:00,31075.9519853839960486,27.87,866086.7818326519
2022-02-15T13:07:00+00:00,33622.5064723739960486,29.7,998588.4422295076
2022-02-15T13:11:00+00:00,34947.2168727091910394,29.65,1036184.9802758275
2022-02-15T13:23:00+00:00,36947.2168727091910394,29.7,1097332.341119463
2022-02-15T13:27:00+00:00,39959.0396965242576702,29.7,1186783.4789867704
2022-02-15T15:08:00+00:00,40265.9921965242576702,30.58,1231334.0413697117
2022-02-15T16:10:00+00:00,40849.2179139620685059,30.43,1243041.7011218658
2022-02-16T00:41:00+00:00,46849.2179139620685059,31.23,1463101.0754530355
2022-02-16T01:29:00+00:00,47716.9136506277955113,31.07,1482564.5071250056
2022-02-16T05:53:00+00:00,50075.8013506277955113,31.36,1570377.1303556876
2022-02-16T10:02:00+00:00,50477.7268606277955113,33.25,1678384.418115874
2022-02-16T10:06:00+00:00,51205.8468606277955113,33.73,1727173.2146089755
2022-02-16T10:39:00+00:00,51210.8586170103517292,37.53,1921943.5238963985
2022-02-16T10:51:00+00:00,51506.0966770103517292,38.59,1987620.2707658298
2022-02-16T10:58:00+00:00,52263.2010066343898611,38.65,2019972.718906419
2022-02-16T11:02:00+00:00,52271.5088206322259685,39.59,2069429.03420883
2022-02-16T11:11:00+00:00,52575.0419497436672211,40.05,2105630.430087234
2022-02-16T11:18:00+00:00,52633.3957007125260421,39.67,2087966.807447266
2022-02-16T11:40:00+00:00,53633.3957007125260421,39.55,2121200.7999631804
2022-02-16T11:53:00+00:00,54241.7690340591327565,39.27,2130074.2699675024
2022-02-16T12:01:00+00:00,54381.7690340591327565,39.21,2132309.163825459
2022-02-16T12:19:00+00:00,54522.7868240591327565,38.03,2073501.582918969
2022-02-16T12:48:00+00:00,54556.7868240591327565,37.6,2051335.1845846234
2022-02-16T15:06:00+00:00,54557.78682405913275650000,36.33,1982084.3953180683
2022-02-16T17:32:00+00:00,54712.68373327339128810000,36.6,2002484.2246378062
2022-02-16T18:27:00+00:00,54812.68373327339128810000,36.96,2025876.7907817846
2022-02-16T21:53:00+00:00,55076.98685327339128810000,38.46,2118260.9143768945
2022-02-16T22:16:00+00:00,55195.52372327339128810000,38.74,2138274.589039611
2022-02-16T22:20:00+00:00,55236.32324954429709270000,38.74,2139855.162687346
2022-02-16T22:49:00+00:00,56042.07379549211447130000,38.01,2130159.224966655
2022-02-17T03:46:00+00:00,56107.11389249211447130000,41.51,2329006.297677348
2022-02-17T05:31:00+00:00,56207.11389249211447130000,47.99,2697379.395700697
2022-02-17T05:40:00+00:00,56240.99818921166196460000,48.99,2755246.5012894794
2022-02-17T09:05:00+00:00,57047.97301233464438810000,46.49,2652160.265343438
2022-02-17T09:14:00+00:00,57143.03454136539476980000,46.69,2668008.28273635
2022-02-17T12:35:00+00:00,57243.03454136539476980000,47.22,2703016.091043274
2022-02-17T18:20:00+00:00,57343.03454136539476980000,43.76,2509331.1915301494
2022-02-17T20:34:00+00:00,57368.03454136539476990000,41.35,2372168.228285459
2022-02-18T04:49:00+00:00,59243.50967136539476990000,45.07,2670104.9808884384
2022-02-18T05:30:00+00:00,59750.18820926767301820000,43.85,2620045.7529763877
2022-02-18T10:02:00+00:00,59789.39935447767301820000,41.02,2452561.1615206744
2022-02-19T01:55:00+00:00,61235.27484447767301820000,44.53,2726806.788824591
2022-02-19T05:49:00+00:00,61285.27484447767301820000,42.49,2604011.3281418565
2022-02-19T14:08:00+00:00,61296.06484447767301820000,39.59,2426711.2071928713
2022-02-19T14:16:00+00:00,62544.66641447767301820000,39.53,2472390.6633643024
2022-02-19T18:28:00+00:00,62564.66641447767301820000,38.48,2407488.363629101
2022-02-19T23:47:00+00:00,63016.58168466922659070000,37.22,2345477.1703033885
2022-02-20T12:24:00+00:00,63155.54244466922659070000,36.17,2284335.970223686
2022-02-20T17:06:00+00:00,63225.54244466922659070000,36.76,2324170.9402660406
2022-02-21T11:11:00+00:00,65421.65727733268434890000,42.34,2769952.969122266
2022-02-21T12:44:00+00:00,65422.65727733268434890000,39.75,2600550.6267739744
2022-02-21T16:53:00+00:00,75422.65727733268434890000,39.41,2972406.923299681
2022-02-21T18:49:00+00:00,78635.14962114664995380000,37.91,2981058.522137669
2022-02-21T20:09:00+00:00,79335.14962114664995380000,38.37,3044089.6909633963
2022-02-21T21:41:00+00:00,79435.89127160639915910000,37.93,3013003.3559320304
2022-02-21T23:20:00+00:00,80836.96804160639915910000,36.64,2961866.509044458
2022-02-22T06:22:00+00:00,83436.96804160639915910000,35.21,2937815.644744961
2022-02-22T06:57:00+00:00,83452.39804160639915910000,35.28,2944200.6029078737
2022-02-22T07:02:00+00:00,84368.29804160639915910000,35.33,2980731.9698099536
2022-02-22T09:04:00+00:00,84550.71485467555387930000,36.19,3059890.3705907078
2022-02-22T10:22:00+00:00,84874.76485467555387930000,37.29,3164979.9814308514
2022-02-22T10:32:00+00:00,84905.24364467555387930000,37.53,3186493.793984674
2022-02-22T12:13:00+00:00,85909.14364467555387930000,37.99,3263688.3670612243
2022-02-22T12:15:00+00:00,86908.44364467555387930000,37.99,3301651.7740612244
2022-02-22T12:31:00+00:00,87288.71806125669002690000,38.36,3348395.2248298065
2022-02-22T13:22:00+00:00,87348.99758591669002690000,37.26,3254623.6500512557
2022-02-22T15:32:00+00:00,88416.99758591669002690000,38.34,3389907.687444046
2022-02-22T16:28:00+00:00,88578.58168132476163250000,37.51,3322582.5988664916
2022-02-22T17:25:00+00:00,88639.04001132476163250000,37.24,3300917.8500217344
2022-02-23T06:33:00+00:00,91641.24170524541269140000,36.51,3345821.73465851
2022-02-23T08:49:00+00:00,91847.97513524541269140000,37.36,3431440.351052769
2022-02-23T12:17:00+00:00,91467.70071866427654380000,37.82,3459308.4411798827
2022-02-23T13:17:00+00:00,94474.68001866427654380000,38.19,3607988.0299127884
2022-02-23T13:22:00+00:00,97054.99661866427654380000,38.14,3701677.5710358554
2022-02-23T13:26:00+00:00,98442.27749866427654380000,38.12,3752619.618249082
2022-02-23T13:39:00+00:00,98452.27749866427654380000,38.05,3746109.1588241756
2022-02-23T13:40:00+00:00,100453.74897798443826930000,38.05,3822265.1486123074
2022-02-23T14:32:00+00:00,100454.47649798443826930000,37.78,3795170.122093852
2022-02-23T15:24:00+00:00,100463.76649798443826930000,36.82,3699075.882455787
2022-02-23T15:35:00+00:00,110501.24029700682360790000,36.87,4074180.729750641
2022-02-23T15:42:00+00:00,111182.39756900682360790000,36.87,4099294.998369281
2022-02-23T18:29:00+00:00,111466.81482071151505280000,35.98,4010575.9972492
2022-02-23T18:48:00+00:00,112708.93162176371831980000,36.09,4067665.3422294534
2022-02-24T00:50:00+00:00,112976.34626176371831980000,33.77,3815211.2132597608
2022-02-24T10:36:00+00:00,112156.34626176371831980000,28.85,3235710.589651883
2022-02-24T11:37:00+00:00,112237.55604034649068890000,28.37,3184179.4648646303
2022-02-24T13:13:00+00:00,111737.55604034649068890000,28.14,3144294.8269753503
2022-02-24T15:59:00+00:00,115202.69943120028636560000,29.93,3448016.793975825
2022-02-24T16:26:00+00:00,114619.47371376247552990000,30.69,3517671.6482753707
2022-02-24T20:54:00+00:00,114669.20371376247552990000,30.97,3551305.2390152235
2022-02-25T01:59:00+00:00,115066.77371376247552990000,31.33,3605042.020452178
2022-02-25T04:29:00+00:00,115366.77371376247552990000,31.45,3628285.03329783
2022-02-25T05:38:00+00:00,119377.75928376247552990000,31.16,3719810.9792820388
2022-02-25T07:19:00+00:00,119507.94365703772883260000,33.94,4056099.60771986
2022-02-25T07:31:00+00:00,119807.96585714369563380000,34.38,4118997.8661686005
2022-02-25T07:38:00+00:00,119837.96585714369563380000,34.43,4126021.164461457
2022-02-25T07:46:00+00:00,120158.65400714369563380000,34.62,4159892.6017273143
2022-02-25T07:51:00+00:00,120333.35700714369563380000,34.89,4198430.825979244
2022-02-25T07:53:00+00:00,120476.77081425489458820000,34.89,4203434.533709354
2022-02-25T07:59:00+00:00,120662.77081425489458820000,35,4223196.978498922
2022-02-25T08:00:00+00:00,130662.93081425489458820000,35,4573202.578498921
2022-02-25T08:01:00+00:00,130519.51700714369563380000,35.09,4579929.851780673
2022-02-25T08:46:00+00:00,130696.89698381899429520000,34.75,4541717.17018771
2022-02-25T10:03:00+00:00,131276.10690761846166190000,35.8,4699684.627292741
2022-02-25T10:16:00+00:00,131476.88301471667964670000,36.45,4792332.385886423
2022-02-25T11:55:00+00:00,131495.41434471667964670000,36.16,4754874.182704954
2022-02-25T13:15:00+00:00,132078.64006215449048240000,36.91,4875022.604694122
2022-02-25T13:22:00+00:00,132381.85908115449048240000,36.99,4896804.967411905
2022-02-25T14:30:00+00:00,132490.88908115449048240000,36.73,4866390.3559508035
2022-02-25T14:56:00+00:00,135717.09323419449048240000,36.66,4975388.63796557
2022-02-25T16:24:00+00:00,135982.24830325038801960000,36.69,4989188.690246256
2022-02-25T16:48:00+00:00,142693.56591325038801960000,39.61,5652092.1458238475
2022-02-25T17:59:00+00:00,142857.80491325038801960000,40.54,5791455.41118317
2022-02-25T18:28:00+00:00,143427.14416325038801960000,42.23,6056928.298014064
2022-02-25T19:02:00+00:00,145427.14416325038801960000,41.93,6097760.154765089
2022-02-25T19:49:00+00:00,142846.82756325038801960000,41.93,5989567.4797270885
2022-02-25T21:04:00+00:00,142857.82756325038801960000,41.24,5891456.808708446
2022-02-25T21:12:00+00:00,143262.22737167247890240000,41.63,5964006.525482726
2022-02-26T02:47:00+00:00,144336.93999267247890380000,41.76,6027510.614094002
2022-02-26T04:10:00+00:00,145446.93999267247890380000,40.91,5950234.31510023
2022-02-26T06:01:00+00:00,149257.95102267247890380000,40.18,5997184.47209098
2022-02-26T07:05:00+00:00,149409.95502267247890380000,40.09,5989845.09685894
2022-02-26T07:48:00+00:00,149383.25379267247890380000,39.79,5943959.668410438
2022-02-26T08:06:00+00:00,149655.02221850454597220000,39.92,5974228.486962701
2022-02-26T09:35:00+00:00,149661.56694236863348190000,39.65,5934081.129264916
2022-02-26T10:04:00+00:00,149733.07913000440879130000,39.34,5890499.332974374
2022-02-26T10:28:00+00:00,150266.43640648625590760000,39.57,5946042.888604661
2022-02-26T13:31:00+00:00,150335.02088594406011160000,40.48,6085561.645463015
2022-02-26T13:39:00+00:00,150367.96685594406011160000,40.43,6079376.899985818
2022-02-26T14:07:00+00:00,151059.35410594406011160000,40.42,6105819.0929622585
2022-02-26T14:21:00+00:00,151105.71434594406011160000,40.79,6163602.088171058
2022-02-26T14:27:00+00:00,151181.71434594406011160000,40.9,6183332.116749112
2022-02-26T15:04:00+00:00,151330.98705594406011160000,40.68,6156144.553435803
2022-02-26T15:15:00+00:00,153234.29854303604121400000,40.95,6274944.525337326
2022-02-26T17:29:00+00:00,156365.33811710081792200000,39.45,6168612.588719628
2022-02-26T17:45:00+00:00,156395.65706710081792200000,40.35,6310564.762657518
2022-02-26T17:58:00+00:00,156432.41706710081792200000,40.31,6305790.731974835
2022-02-26T18:18:00+00:00,156624.59846710081792200000,40.21,6297875.104362124
2022-02-26T19:26:00+00:00,157658.94774181909936450000,39.72,6262213.404305055
2022-02-26T20:25:00+00:00,158010.51544243066939080000,39.57,6252476.096056982
2022-02-26T21:42:00+00:00,158224.40294643066939080000,40.32,6379607.926800084
2022-02-26T21:46:00+00:00,158571.86446643066939080000,40.29,6388860.419352492
2022-02-27T06:36:00+00:00,164571.49146643066939080000,37.86,6230676.666919065
2022-02-27T07:41:00+00:00,164601.27737643066939080000,38.05,6263078.604173186
2022-02-27T07:42:00+00:00,164721.07225645754263640000,38.05,6267636.79935821
2022-02-27T08:26:00+00:00,164775.32809571088137660000,37.69,6210382.115927343
2022-02-27T10:00:00+00:00,164827.26809571088137660000,39.55,6518918.453185365
2022-02-27T11:50:00+00:00,164833.93632571088137660000,40.7,6708741.208456433
2022-02-27T11:52:00+00:00,165142.29891571088137660000,40.7,6721291.565869434
2022-02-27T12:38:00+00:00,165164.19741571088137660000,40.17,6634645.8101891065
2022-02-27T13:58:00+00:00,165214.43294571088137660000,38.81,6411972.142623039
2022-02-27T14:09:00+00:00,185499.84292729088137660000,38.83,7202958.900866705
2022-02-27T14:52:00+00:00,185528.94392729088137660000,38.64,7168838.393350519
2022-02-27T15:42:00+00:00,185539.21292729088137660000,38.64,7169235.187510519
2022-02-27T15:59:00+00:00,186849.51059729088137660000,38.89,7266577.467128643
2022-02-27T17:05:00+00:00,186952.88056546088137660000,38.64,7223859.305049409
2022-02-27T17:31:00+00:00,186848.99626874133388330000,38.53,7199291.826234603
2022-02-27T18:49:00+00:00,187289.26365651043756710000,38.11,7137593.837949613
2022-02-27T20:11:00+00:00,187859.47821531402107480000,36.43,6843720.7913838895
2022-02-27T21:46:00+00:00,187869.63821531402107480000,36.33,6825303.956362358
2022-02-27T22:03:00+00:00,188170.99302531402107480000,36.45,6858832.695772697
2022-02-28T01:40:00+00:00,188925.27302531402107480000,37.08,7005349.123778644
2022-02-28T02:17:00+00:00,189077.22202531402107480000,36.97,6990184.89827586
2022-02-28T02:18:00+00:00,188002.50940431402107340000,36.97,6950452.772677489
2022-02-28T02:24:00+00:00,188854.39541763402107340000,36.94,6976281.366727401
2022-02-28T02:27:00+00:00,189157.11895763402107340000,36.89,6978006.11834712
2022-02-28T02:31:00+00:00,189268.52895763402107340000,36.78,6961296.495061779
2022-02-28T08:30:00+00:00,189427.02021734376288660000,38.57,7306200.169782949
2022-02-28T08:48:00+00:00,189516.39417641975659460000,38.44,7285010.192141576
2022-02-28T10:13:00+00:00,189620.19806506139719030000,37.96,7197982.71854973
2022-02-28T10:24:00+00:00,189646.19806506139719030000,38.15,7235002.4561820915
2022-02-28T10:42:00+00:00,189791.99648506139719030000,38.24,7257645.945588748
2022-02-28T10:44:00+00:00,189820.61804106139719030000,38.24,7258740.433890188
2022-02-28T11:05:00+00:00,193404.04254106139719030000,38.35,7417045.031449705
2022-02-28T13:41:00+00:00,213385.32254106139719030000,37.36,7972075.650134054
2022-02-28T13:57:00+00:00,213393.72215889414119190000,37.38,7976657.334299464
2022-02-28T14:49:00+00:00,213524.93215889414119190000,38.23,8163058.156434522
2022-02-28T15:00:00+00:00,213569.31257889414119190000,38.82,8290760.714312671
2022-02-28T15:06:00+00:00,241569.31257889414119190000,38.91,9399461.95244477
2022-02-28T16:40:00+00:00,241648.59717889414119190000,38.21,9233392.898205547
2022-02-28T18:20:00+00:00,242248.02117889414119190000,37.75,9144862.799503254
2022-02-28T19:18:00+00:00,242653.67063066551834350000,37.48,9094659.575237343
2022-02-28T20:17:00+00:00,242911.12440034397286680000,37.66,9148032.944916954
2022-02-28T21:08:00+00:00,244498.72167000112927940000,37.62,9198041.909225442
2022-03-01T01:39:00+00:00,246561.45464168948488220000,38.52,9497547.23279788
2022-03-01T02:47:00+00:00,246612.86124443528051220000,38.2,9420611.299537428
2022-03-01T03:07:00+00:00,246763.32556370442427860000,38.16,9416488.50351096
2022-03-01T03:49:00+00:00,246777.82206370442427860000,38.11,9404702.798847776
2022-03-01T06:03:00+00:00,246822.30269370442427860000,38.5,9502658.653707622
2022-03-01T07:18:00+00:00,246877.86571109848836840000,38.72,9559110.960333733
2022-03-01T07:29:00+00:00,247532.37898109848836840000,38.61,9557225.152460212
2022-03-01T08:31:00+00:00,262748.90898109848836840000,38.34,10073793.170335317
2022-03-01T09:34:00+00:00,262768.90898109848836840000,38.23,10045655.390347395
2022-03-01T13:49:00+00:00,281930.18281897848836840000,39.32,11085494.788442235
2022-03-01T15:25:00+00:00,281938.26467834358531380000,39.1,11023786.148923235
2022-03-01T19:30:00+00:00,282274.85370274358531380000,38.31,10813949.645352108
2022-03-01T19:53:00+00:00,282774.84000274358531380000,38.24,10813309.881704915
2022-03-01T20:53:00+00:00,282923.94000274358531380000,38.39,10861450.056705326
2022-03-02T00:06:00+00:00,284386.23747031316050830000,38.25,10877773.583239477
2022-03-02T02:48:00+00:00,284086.23747031316050830000,37.72,10715732.87738021
2022-03-02T03:04:00+00:00,284101.75521918990592380000,37.84,10750410.417494148
2022-03-02T05:04:00+00:00,284735.67621918990592380000,38.11,10851276.620713327
2022-03-02T05:11:00+00:00,285335.23109434520225690000,38.25,10914072.589358704
2022-03-02T06:55:00+00:00,285349.84599434520225690000,37.47,10692058.729408115
2022-03-02T09:24:00+00:00,285409.54551434520225690000,37.72,10765648.056801101
2022-03-02T09:51:00+00:00,285709.54552256234418180000,37.69,10768392.770745374
2022-03-02T11:46:00+00:00,283709.54552256234418180000,37.62,10673153.102558795
2022-03-02T14:23:00+00:00,283718.44612256234418180000,36.92,10474885.030845001
2022-03-02T14:43:00+00:00,283768.15105256234418180000,37.36,10601578.12332373
2022-03-02T14:58:00+00:00,285146.20338592261907330000,37.05,10564666.83544843
2022-03-02T15:21:00+00:00,285637.27733703452572990000,36.63,10462893.468855575
2022-03-02T16:38:00+00:00,301381.82492766887172990000,36.88,11114961.703332428
2022-03-02T16:40:00+00:00,301530.27408725623365060000,36.88,11120436.50833801
2022-03-02T16:41:00+00:00,318329.49408725623365060000,36.85,11730441.857115394
2022-03-02T18:17:00+00:00,318592.53168268017419550000,37.69,12007752.519120216
2022-03-02T19:35:00+00:00,318602.53168268017419550000,37.24,11864758.279863011
2022-03-02T19:56:00+00:00,319609.64312420033747560000,37.48,11978969.424295029
2022-03-02T20:25:00+00:00,327195.91659626384648670000,37.49,12266574.913193932
2022-03-02T20:46:00+00:00,327545.91659626384648670000,37.61,12319001.923185483
2022-03-02T20:48:00+00:00,327555.78198210572783990000,37.61,12319372.960346997
2022-03-02T22:09:00+00:00,327642.07348010572783990000,39.89,13069642.311121417
2022-03-03T02:49:00+00:00,327692.07348010572783990000,41.41,13569728.762811176
2022-03-03T02:58:00+00:00,327885.49392467371577850000,41.59,13636757.69232718
2022-03-03T03:34:00+00:00,328385.49392467371577850000,42.65,14005641.315887334
2022-03-03T04:11:00+00:00,328396.49392467371577850000,42.58,13983122.711312605
2022-03-03T04:44:00+00:00,348731.45132959745577850000,42.86,14946630.003986547
2022-03-03T05:03:00+00:00,348152.24140579798841180000,44.64,15541516.056354823
2022-03-03T05:04:00+00:00,348167.46513579798841180000,44.64,15542195.643662022
2022-03-03T05:29:00+00:00,358054.61925012848903610000,44.91,16080232.95052327
2022-03-03T05:59:00+00:00,358087.41514112554270400000,48.13,17234747.290742375
2022-03-03T06:01:00+00:00,357488.36414112554270400000,48.31,17270262.871657774
2022-03-03T06:19:00+00:00,358092.07862551223238020000,47.61,17048763.86336064
2022-03-03T06:21:00+00:00,358162.90785285772331470000,48.01,17195401.2060157
2022-03-03T06:32:00+00:00,358323.83785285772331470000,47.25,16930801.338547528
2022-03-03T06:39:00+00:00,358174.73785285772331470000,47.2,16905847.626654886
2022-03-03T06:54:00+00:00,358028.93943285772331470000,46.8,16755754.365457742
2022-03-03T07:01:00+00:00,358032.92741082796544170000,46.42,16619888.490410633
2022-03-03T07:10:00+00:00,358100.69232602753655840000,46.31,16583643.061618337
2022-03-03T07:18:00+00:00,358122.16037914680921680000,46.3,16581056.025554497
2022-03-03T07:23:00+00:00,358127.57786607779241260000,46.12,16516843.891183507
2022-03-03T07:28:00+00:00,358164.44001171116775220000,45.96,16461237.662938245
2022-03-03T07:59:00+00:00,357978.44001171116775220000,46.13,16513545.437740237
2022-03-03T08:28:00+00:00,358019.19236752202052150000,46.87,16780359.54626576
2022-03-03T08:35:00+00:00,357669.19236752202052150000,46.56,16653077.596631827
2022-03-03T08:44:00+00:00,369359.70405195756252150000,46.24,17079192.71536252
2022-03-03T08:54:00+00:00,369381.14262336153107430000,45.65,16862249.160756454
2022-03-03T09:08:00+00:00,369412.26262336153107430000,45.77,16907999.26027126
2022-03-03T09:53:00+00:00,378747.95407014153107430000,46.33,17547392.712069657
2022-03-03T10:46:00+00:00,378762.89174014153107430000,47.06,17824581.685291063
2022-03-03T11:32:00+00:00,378795.22437438384457200000,46.15,17481399.604877815
2022-03-03T11:39:00+00:00,378870.22032161767972730000,45.97,17416664.028184764
2022-03-03T12:41:00+00:00,378715.22032161767972730000,47.53,18000334.42188649
2022-03-03T12:57:00+00:00,378515.22032161767972730000,47.45,17960547.20426076
2022-03-03T13:21:00+00:00,378578.54662723778927910000,46.77,17706118.625755914
2022-03-03T14:13:00+00:00,372578.54662723778927910000,54,20119241.517870843
2022-03-03T14:54:00+00:00,372884.80461923778927910000,51.2,19091701.996504974
2022-03-03T15:28:00+00:00,372859.80461923778927910000,50.46,18814505.74108674
2022-03-03T16:01:00+00:00,372892.62461923778927910000,50.35,18775143.649578623
2022-03-03T16:33:00+00:00,369885.64531923778927910000,57.2,21157458.912260402
2022-03-03T16:49:00+00:00,369316.30606923778927910000,56.88,21006711.489218246
2022-03-03T17:15:00+00:00,368400.40606923778927910000,58.37,21503531.70226141
2022-03-03T17:34:00+00:00,368350.17053923778927910000,61.62,22697737.508627832
2022-03-03T18:13:00+00:00,368602.24053923778927910000,59.7,22005553.7601925
2022-03-03T18:24:00+00:00,368702.24053923778927910000,60.01,22125821.45475966
2022-03-03T18:34:00+00:00,368836.69231523778927910000,58.39,21536374.464286733
2022-03-03T20:09:00+00:00,369135.97701523778927910000,66.4,24510628.873811793
2022-03-03T20:10:00+00:00,369085.23701523778927910000,66.4,24507259.737811793
2022-03-03T20:15:00+00:00,369037.23701523778927910000,64.44,23780759.553261925
2022-03-03T20:34:00+00:00,368995.11701523778927910000,65.12,24028962.020032287
2022-03-03T20:46:00+00:00,370722.61822523778927910000,62.83,23292502.103091687
2022-03-03T20:52:00+00:00,370759.20922523778927910000,62.32,23105713.918916818
2022-03-03T20:57:00+00:00,370630.40335523778927910000,61.77,22893840.01525304
2022-03-03T20:58:00+00:00,370634.86804930930303410000,61.77,22894115.799405836
2022-03-03T21:10:00+00:00,370585.16311930930303410000,59.95,22216580.529002592
2022-03-03T21:17:00+00:00,367372.67077549533742920000,59.19,21744788.38320157
2022-03-03T21:21:00+00:00,367296.67077549533742920000,59.3,21780692.57698687
2022-03-03T21:35:00+00:00,366296.67077549533742920000,58.36,21377073.70645791
2022-03-03T21:56:00+00:00,366250.31053549533742920000,57.81,21172930.452056985
2022-03-03T22:42:00+00:00,371012.21553549533742920000,58.63,21752446.19684609
2022-03-03T23:20:00+00:00,375774.12053549533742920000,60.77,22835793.304942053
2022-03-04T00:33:00+00:00,375811.44053549533742920000,57.06,21443800.796955366
2022-03-04T00:36:00+00:00,375812.44053549533742920000,57.35,21552843.46471066
2022-03-04T00:38:00+00:00,376937.47942732750844250000,57.35,21617364.445157234
2022-03-04T01:17:00+00:00,375937.47942732750844250000,56.75,21334451.957500838
2022-03-04T02:34:00+00:00,375807.29505405225513980000,55.71,20936224.407461252
2022-03-04T02:46:00+00:00,376186.78539820170380930000,55.61,20919747.135994
2022-03-04T04:09:00+00:00,378183.75573759292734940000,58.43,22097276.847747553
2022-03-04T06:19:00+00:00,378293.52729668739582160000,52.87,20000378.788175862
2022-03-04T06:25:00+00:00,380003.80998260361048690000,52.83,20075601.281380948
2022-03-04T06:48:00+00:00,379701.08644260361048690000,52.48,19926713.016507838
2022-03-04T07:06:00+00:00,379601.08644260361048690000,53.16,20179593.755288806
2022-03-04T07:11:00+00:00,396100.59644260361048690000,53.11,21036902.677066676
2022-03-04T07:25:00+00:00,395928.72504260361048690000,52.47,20774380.20298541
2022-03-04T08:17:00+00:00,395878.99504260361048690000,55,21773344.7273432
2022-03-04T08:21:00+00:00,396000.32083997358222610000,54.73,21673097.559571754
2022-03-04T08:25:00+00:00,396040.30977997358222610000,54.73,21675286.154257953
2022-03-04T08:45:00+00:00,395940.30977997358222600000,54.06,21404533.146705374
2022-03-04T08:59:00+00:00,396065.43488570220422740000,54.6,21625172.74475934
2022-03-04T10:46:00+00:00,396365.43488570220422740000,58.98,23377633.349558715
2022-03-04T10:55:00+00:00,396165.43488570220422740000,58.78,23286604.262581576
2022-03-04T12:08:00+00:00,394665.43488570220422740000,58.63,23139234.44734872
2022-03-04T12:29:00+00:00,397260.95488570220422740000,57.17,22711408.790815596
2022-03-04T12:37:00+00:00,397273.80174949898512850000,56.87,22592961.105494007
2022-03-04T12:41:00+00:00,397283.50407593087798790000,57.06,22668996.742572617
2022-03-04T12:43:00+00:00,397293.20599499420242730000,57.06,22669550.33407437
2022-03-04T13:08:00+00:00,398271.13307499420242730000,57.48,22892624.729150664
2022-03-04T13:21:00+00:00,399471.13307499420242730000,56.8,22689960.35865967
2022-03-04T13:22:00+00:00,399579.64560736420242730000,56.8,22696123.870498285
2022-03-04T13:57:00+00:00,399599.40850158355168190000,55.59,22213731.118603032
2022-03-04T14:25:00+00:00,399609.40850158355168190000,53.74,21475009.6128751
2022-03-04T14:27:00+00:00,400953.62209158355168190000,53.97,21639466.984282766
2022-03-04T15:33:00+00:00,401670.69162158355168190000,54.91,22055737.67694115
2022-03-04T15:38:00+00:00,403943.81362158355168190000,54.64,22071489.976283327
2022-03-04T15:50:00+00:00,407216.30198547120747150000,54.34,22128133.849890508
2022-03-04T16:12:00+00:00,407226.89089547120747150000,52.42,21346833.6207406
2022-03-04T16:31:00+00:00,407636.67153147120747150000,51.71,21078892.284892377
2022-03-04T17:29:00+00:00,410268.46366147120747150000,50.12,20562655.398712937
2022-03-04T17:42:00+00:00,410193.46771423737231620000,49.56,20329188.259917606
2022-03-04T20:34:00+00:00,409846.00619423737231620000,48.51,19881629.760482457
2022-03-04T21:17:00+00:00,409720.88108850875031480000,48.46,19855073.897549134
2022-03-04T21:53:00+00:00,410376.84001100911628650000,48.64,19960729.498135485
2022-03-05T04:14:00+00:00,446513.41860884911628650000,49.8,22236368.246720683
2022-03-05T06:07:00+00:00,446707.85339322501863960000,54.05,24144559.47590381
2022-03-05T06:10:00+00:00,447101.88471836640426620000,54.74,24474357.16948338
2022-03-05T08:04:00+00:00,445545.88471836640426620000,54.38,24228785.210984766
2022-03-05T10:05:00+00:00,445799.77251836640426620000,53.85,24006317.75011403
2022-03-05T11:14:00+00:00,445852.95546436686222640000,53.84,24004723.122201513
2022-03-05T11:33:00+00:00,445952.64546436686222640000,53.64,23920899.90270864
2022-03-05T11:50:00+00:00,445902.64546436686222640000,53.32,23775529.056160044
2022-03-05T12:52:00+00:00,445983.51362436686222640000,52.09,23231281.22469327
2022-03-05T13:26:00+00:00,445988.53164648757925120000,50.66,22593779.01321106
2022-03-05T13:43:00+00:00,446790.61164648757925120000,50.24,22446760.329119537
2022-03-05T14:24:00+00:00,446797.10955088469750580000,51.24,22893883.893387333
2022-03-05T14:32:00+00:00,446787.10950529612589280000,51.23,22888903.61995632
2022-03-05T15:51:00+00:00,448899.23518750981543040000,50.31,22584120.522283617
2022-03-05T18:49:00+00:00,448914.83282750981543040000,50.16,22517568.01462789
2022-03-05T20:18:00+00:00,449035.76603012819588990000,50.68,22757132.622406896
2022-03-05T20:50:00+00:00,449045.87229577447919160000,51,22901339.487084497
2022-03-06T00:02:00+00:00,449061.86401243374001940000,53,23800278.79265899
2022-03-06T00:37:00+00:00,449106.31524243374001940000,52.39,23528679.855551105
2022-03-06T02:42:00+00:00,449208.44687989492760580000,54.9,24661543.733706232
2022-03-06T05:26:00+00:00,449689.31330877046164920000,54.09,24323694.956871398
2022-03-06T06:49:00+00:00,449772.40210877046164920000,52.93,23806453.243617218
2022-03-06T07:08:00+00:00,452588.59210877046164920000,51.75,23421459.64162887
2022-03-06T07:26:00+00:00,452538.59045831071244390000,51.8,23441498.985740494
2022-03-06T08:33:00+00:00,452655.22045831071244390000,50.01,22637287.575120118
2022-03-06T09:41:00+00:00,452605.22045831071244390000,49.93,22598578.657483455
2022-03-06T09:49:00+00:00,452555.22045831071244390000,49.88,22573454.39646054
2022-03-06T10:09:00+00:00,452400.32354909645391230000,49.23,22271667.928322017
2022-03-06T10:15:00+00:00,452391.03354909645391230000,48.7,22031443.333840996
2022-03-06T11:25:00+00:00,452855.70688658645391230000,48.25,21850287.857277796
2022-03-06T12:23:00+00:00,452053.62688658645391230000,47.42,21436382.986961927
2022-03-06T14:05:00+00:00,452249.52914772086765570000,47.07,21287385.336983223
2022-03-06T15:17:00+00:00,452276.52847042307986170000,46.5,21030858.573874675
2022-03-06T16:22:00+00:00,452376.53044311497619670000,46.83,21184792.920651074
2022-03-06T18:49:00+00:00,452380.53044311497619670000,46.73,21139742.187606763
2022-03-06T21:09:00+00:00,452933.88370995036481960000,46.27,20957250.799259406
2022-03-06T21:10:00+00:00,453048.61839265970325980000,46.27,20962559.573028367
2022-03-06T21:22:00+00:00,454898.01239265970325980000,46.3,21061777.973780144
2022-03-06T21:52:00+00:00,455764.48925652520292750000,46.64,21256855.778924335
2022-03-06T22:14:00+00:00,455814.48925652520292750000,47.02,21432397.284841817
2022-03-06T23:04:00+00:00,455814.489256525202927500000000000000000000,47.48,21642071.949899815
2022-03-06T23:06:00+00:00,454394.659125824314636900000000000000000000,47.58,21620097.88120672
2022-03-06T23:12:00+00:00,455814.489256525202927500000000000000000000,47.8,21787932.5864619
2022-03-07T00:29:00+00:00,458450.781256525202927500000000000000000000,46.4,21272116.25030277
2022-03-07T01:59:00+00:00,458492.956816351525267500000000000000000000,48.71,22333191.926524483
2022-03-07T04:28:00+00:00,458392.956816351525267500000000000000000000,47.35,21704906.505254246
2022-03-07T06:46:00+00:00,458492.157656351525267500000000000000000000,46.88,21494112.35092976
2022-03-07T07:36:00+00:00,458796.908678127856089700000000000000000000,46.33,21256060.779057663
2022-03-07T08:56:00+00:00,458972.215678127856089700000000000000000000,45.49,20878646.091198035
2022-03-07T11:45:00+00:00,459112.194708799921343800000000000000000000,44.82,20577408.566848412
2022-03-07T12:32:00+00:00,459180.403716799921343800000000000000000000,45.52,20901891.977188732
2022-03-07T13:58:00+00:00,451983.100412231933405200000000000000000000,46.24,20899698.563061606
2022-03-07T14:21:00+00:00,459201.578481951933405200000000000000000000,47.23,21688090.55170259
2022-03-07T14:24:00+00:00,459301.578481951933405200000000000000000000,47.23,21692813.55170259
2022-03-07T14:53:00+00:00,459851.421272483165595500000000000000000000,46.4,21337105.947043218
2022-03-07T15:40:00+00:00,460773.657768974222050800000000000000000000,46.04,21214019.20368357
2022-03-07T16:39:00+00:00,460763.337768974222050800000000000000000000,45.98,21185898.270617433
2022-03-07T17:34:00+00:00,463298.266768974222050800000000000000000000,46.11,21362683.0807174
2022-03-08T05:58:00+00:00,461298.266768974222050800000000000000000000,43.63,20126443.379130345
2022-03-08T08:04:00+00:00,460748.266768974222050800000000000000000000,43.5,20042549.60445038
2022-03-08T08:20:00+00:00,461298.266768974222050800000000000000000000,43.82,20214090.04981645
2022-03-08T08:46:00+00:00,461355.948272881116075000000000000000000000,44.32,20447295.62745409
2022-03-08T09:17:00+00:00,461686.643199589285915700000000000000000000,43.85,20244959.304301992
2022-03-08T09:19:00+00:00,461701.580615466327345300000000000000000000,43.85,20245614.3099882
2022-03-08T09:51:00+00:00,465558.930318763334345300000000000000000000,44.26,20605638.255908467
2022-03-08T11:02:00+00:00,465564.722318763334345300000000000000000000,46.25,21532368.407242805
2022-03-08T11:06:00+00:00,465677.495913747546093300000000000000000000,46.18,21504986.76129686
2022-03-08T12:03:00+00:00,473177.495913747546093300000000000000000000,47.23,22348173.132006295
2022-03-08T12:43:00+00:00,473214.762503427546093300000000000000000000,50.92,24096095.70667453
2022-03-08T12:58:00+00:00,472181.219050308273434900000000000000000000,51.98,24543979.766235024
2022-03-08T13:48:00+00:00,472185.419555253389324800000000000000000000,49.73,23481780.91448275
2022-03-08T14:14:00+00:00,472235.419555253389324800000000000000000000,50.25,23729829.832651485
2022-03-08T18:40:00+00:00,472225.419555253389324800000000000000000000,52.18,24640722.392393123
2022-03-08T18:58:00+00:00,472094.209555253389324800000000000000000000,51.67,24393107.807719942
2022-03-09T08:15:00+00:00,470769.499154918194334000000000000000000000,50.84,23933921.337036043
2022-03-09T08:32:00+00:00,470763.135302160827625100000000000000000000,50.59,23815907.014936317
2022-03-09T08:38:00+00:00,471319.906182160827625100000000000000000000,50.58,23839360.854693696
2022-03-09T08:58:00+00:00,471624.483468875782369900000000000000000000,50.71,23916077.55670669
2022-03-09T09:16:00+00:00,473676.466858199542787500000000000000000000,50.63,23982239.517030645
2022-03-09T10:22:00+00:00,474316.905278199542787500000000000000000000,50.67,24033637.59044637
2022-03-09T10:37:00+00:00,475641.615678534737778300000000000000000000,50.78,24153081.244155996
2022-03-09T11:08:00+00:00,475661.860273865427795300000000000000000000,49.33,23464399.56730978
2022-03-09T13:04:00+00:00,474274.579393865427795300000000000000000000,48.73,23111400.25386306
2022-03-09T15:09:00+00:00,474541.519393865427795300000000000000000000,48.12,22834937.913232803
2022-03-09T16:08:00+00:00,474933.556463865427795300000000000000000000,47.93,22763565.36131307
2022-03-09T16:12:00+00:00,474973.321963865427795300000000000000000000,47.58,22599230.659040716
2022-03-09T16:23:00+00:00,475164.634353225897750500000000000000000000,47.58,22608333.302526485
2022-03-09T16:26:00+00:00,475184.804353225897750500000000000000000000,47.61,22623548.535257086
2022-03-09T17:34:00+00:00,475238.259053225897750500000000000000000000,48.17,22892226.938593894
2022-03-09T17:42:00+00:00,476215.542433095897750500000000000000000000,48.3,23001210.69951853
2022-03-09T18:07:00+00:00,476346.752433095897750500000000000000000000,47.89,22812245.97402096
2022-03-09T21:14:00+00:00,474546.752433095897750500000000000000000000,48.4,22968062.81776184
2022-03-09T21:53:00+00:00,474552.252433095897750500000000000000000000,49.36,23423899.180097613
2022-03-09T22:12:00+00:00,475052.935423262136448800000000000000000000,49.24,23391606.540241428
2022-03-09T22:28:00+00:00,475115.729443262136448800000000000000000000,49.05,23304426.529192008
2022-03-10T00:26:00+00:00,474565.886652730904258500000000000000000000,49.2,23348641.623314362
2022-03-10T04:29:00+00:00,474512.431952730904258500000000000000000000,48.81,23160951.8036128
2022-03-10T04:31:00+00:00,474531.288121211408185600000000000000000000,47.83,22696831.51083754
2022-03-10T06:32:00+00:00,474625.643801211408185600000000000000000000,45.27,21486302.894880842
2022-03-10T07:22:00+00:00,473624.643801211408185600000000000000000000,45.86,21720426.164723553
2022-03-10T07:41:00+00:00,473646.248802374630630100000000000000000000,45.69,21640897.107780498
2022-03-10T07:53:00+00:00,472346.248802374630630100000000000000000000,45.74,21605117.420220617
2022-03-10T08:11:00+00:00,465127.770732654630630100000000000000000000,45.33,21084241.847311232
2022-03-10T08:29:00+00:00,465448.708440248035239100000000000000000000,45.4,21131371.36318726
2022-03-10T11:11:00+00:00,465677.329740248035239100000000000000000000,44.66,20797149.546199474
2022-03-10T13:15:00+00:00,466598.596490063334405700000000000000000000,43.7,20390358.66661577
2022-03-10T13:40:00+00:00,466590.596490063334405700000000000000000000,44.3,20669963.424509805
2022-03-10T13:46:00+00:00,466817.605542042150701200000000000000000000,43.46,20287893.136857152
2022-03-10T14:27:00+00:00,466918.956782042150701200000000000000000000,43.85,20474396.25489255
2022-03-10T14:57:00+00:00,466992.093555951870289300000000000000000000,43.69,20402884.56745954
2022-03-10T15:05:00+00:00,467092.093555951870289300000000000000000000,43.88,20496001.06523517
2022-03-10T15:50:00+00:00,467042.093555951870289300000000000000000000,44.28,20680623.90265755
2022-03-10T16:13:00+00:00,467054.337820907393856300000000000000000000,44.39,20732542.055870082
2022-03-10T18:31:00+00:00,467343.815780907393856300000000000000000000,43.26,20217293.470682055
2022-03-11T04:05:00+00:00,467426.071552686260341700000000000000000000,43.54,20351731.15540396
2022-03-11T04:51:00+00:00,466458.071552686260341700000000000000000000,43.24,20169647.013938155
2022-03-11T05:32:00+00:00,466507.205051515446899300000000000000000000,43.04,20078470.10541722
2022-03-11T06:29:00+00:00,464029.604061645446899300000000000000000000,42.92,19916150.606325824
2022-03-11T06:52:00+00:00,464021.604061645446899300000000000000000000,42.83,19874045.301960275
2022-03-11T09:45:00+00:00,464082.978784875446899300000000000000000000,44.13,20479981.85377655
2022-03-11T11:10:00+00:00,463951.768784875446899300000000000000000000,43.71,20279331.813586906
2022-03-11T14:49:00+00:00,464514.768784875446899300000000000000000000,45.48,21126131.684336133
2022-03-11T15:10:00+00:00,464582.856425417810370700000000000000000000,44.96,20887645.224886786
2022-03-12T00:18:00+00:00,464589.716425417810370700000000000000000000,44.99,20901891.34197955
2022-03-12T05:46:00+00:00,465123.085711741820174700000000000000000000,45.54,21181705.323312722
2022-03-12T08:18:00+00:00,465181.165947866072195500000000000000000000,47.26,21984461.902696148
2022-03-12T08:49:00+00:00,465237.390497866072195500000000000000000000,47.42,22061557.05740881
2022-03-12T09:01:00+00:00,465298.338155785374842600000000000000000000,47.57,22134241.946070712
2022-03-12T09:08:00+00:00,465321.401487271921603500000000000000000000,46.88,21814267.30172331
2022-03-12T09:11:00+00:00,465335.279299111921603500000000000000000000,46.88,21814917.893542368
2022-03-12T10:00:00+00:00,465657.540797290426333900000000000000000000,46.69,21741550.57982549
2022-03-12T10:22:00+00:00,465697.600187290426333900000000000000000000,46.63,21715479.096733354
2022-03-12T10:36:00+00:00,465747.364487290426333900000000000000000000,46.57,21689854.764173117
2022-03-12T11:20:00+00:00,465771.667285418822807800000000000000000000,46.53,21672355.67879054
2022-03-12T11:41:00+00:00,465843.397767506682032200000000000000000000,46.35,21591841.486523934
2022-03-12T12:28:00+00:00,466026.233288596682032200000000000000000000,46.17,21516431.19093451
2022-03-12T13:34:00+00:00,466035.704628596682032200000000000000000000,45.61,21255888.488110293
2022-03-12T15:12:00+00:00,466028.704628596682032200000000000000000000,44.62,20794200.800527982
2022-03-12T15:14:00+00:00,467466.055125868465619800000000000000000000,44.62,20858335.37971625
2022-03-12T15:55:00+00:00,467490.054125868465619800000000000000000000,44.64,20868756.016178768
2022-03-12T16:44:00+00:00,467585.273733082652177200000000000000000000,45.34,21200316.31105797
2022-03-12T18:01:00+00:00,467605.273733082652177200000000000000000000,44.51,20813110.733859506
2022-03-12T18:48:00+00:00,467649.745286895366625100000000000000000000,44.46,20791707.67545537
2022-03-12T19:21:00+00:00,468339.368632335366625100000000000000000000,44.51,20845785.297825247
2022-03-12T21:57:00+00:00,468743.368632335366625100000000000000000000,44.8,20999702.914728623
2022-03-12T22:08:00+00:00,468723.368632335366625100000000000000000000,44.71,20956621.811551716
2022-03-13T04:26:00+00:00,468727.192943280535552000000000000000000000,43.19,20244327.463220287
2022-03-13T06:45:00+00:00,468843.576943280535552000000000000000000000,44.39,20811966.380512223
2022-03-13T08:18:00+00:00,468889.494743280535552000000000000000000000,43.95,20607693.29396718
2022-03-13T09:07:00+00:00,471913.897672530871513800000000000000000000,45.1,21283316.785031144
2022-03-13T09:23:00+00:00,476286.192372908945543500000000000000000000,45.74,21785330.439136855
2022-03-13T09:31:00+00:00,476296.972372908945543500000000000000000000,46.3,22052549.820865683
2022-03-13T10:03:00+00:00,477393.313205018852639400000000000000000000,45.45,21697526.08516811
2022-03-13T10:11:00+00:00,477434.144349989429415300000000000000000000,46.16,22038360.10319551
2022-03-13T10:47:00+00:00,477447.476975903814002200000000000000000000,45.42,21685664.40424555
2022-03-13T12:34:00+00:00,477469.784327483410323500000000000000000000,44.53,21261729.496102836
2022-03-13T14:14:00+00:00,477490.872527363718096000000000000000000000,44.66,21324742.36707206
2022-03-13T14:31:00+00:00,477505.925044431117439400000000000000000000,45.17,21568942.634256955
2022-03-13T14:41:00+00:00,477555.925044431117439400000000000000000000,45.54,21747896.826523393
2022-03-13T15:24:00+00:00,480850.571454601117439400000000000000000000,45.85,22046998.701193463
2022-03-13T16:13:00+00:00,480900.571454601117439400000000000000000000,48.7,23419857.829839077
2022-03-13T17:06:00+00:00,480970.203664820964859100000000000000000000,49.35,23735879.550858915
2022-03-13T17:18:00+00:00,481011.555764709832263200000000000000000000,49.31,23718679.814757843
2022-03-13T17:49:00+00:00,475339.110634008943972600000000000000000000,49.65,23600586.842978545
2022-03-13T18:24:00+00:00,475396.510634008943972600000000000000000000,49.08,23332460.74191716
2022-03-13T18:52:00+00:00,480396.510634008943972600000000000000000000,49.54,23798843.136808805
2022-03-13T20:03:00+00:00,480181.214694008943972600000000000000000000,48.66,23365617.907010473
2022-03-13T20:21:00+00:00,480206.368924008943972600000000000000000000,48.28,23184363.49165115
2022-03-13T20:30:00+00:00,480210.778924008943972600000000000000000000,48.03,23064523.71172015
2022-03-13T22:07:00+00:00,480280.786924008943972600000000000000000000,47.8,22957421.614967626
2022-03-13T22:24:00+00:00,480313.528034008943972600000000000000000000,47.2,22670798.52320522
2022-03-14T01:21:00+00:00,481393.389349992163143900000000000000000000,46.23,22254816.389650136
2022-03-14T01:22:00+00:00,482303.732297835035375900000000000000000000,46.23,22296901.544128913
2022-03-14T01:38:00+00:00,482647.258348405041420000000000000000000000,46.19,22293476.86311283
2022-03-14T02:59:00+00:00,482641.466348405041420000000000000000000000,45.96,22182201.793372698
2022-03-14T03:44:00+00:00,482445.564087270627676600000000000000000000,46.13,22255213.871345796
2022-03-14T05:34:00+00:00,482495.904809752683014300000000000000000000,46.86,22609758.099385012
2022-03-14T08:01:00+00:00,482509.867156758231386200000000000000000000,48.93,23609207.79998018
2022-03-14T08:31:00+00:00,482594.500511558231386200000000000000000000,48.63,23468570.559877075
2022-03-14T14:14:00+00:00,482565.500511558231386200000000000000000000,48.81,23554022.079969157
2022-03-14T14:39:00+00:00,483404.500511558231386200000000000000000000,48.76,23570803.444943577
2022-03-14T17:14:00+00:00,484828.230511558231386200000000000000000000,48.19,23363872.42835199
2022-03-14T18:07:00+00:00,484859.120511558231386200000000000000000000,48.3,23418695.520708263
2022-03-14T23:06:00+00:00,484894.134511558231386200000000000000000000,49.78,24138030.01598537
2022-03-15T01:20:00+00:00,484914.404511558231386200000000000000000000,50.01,24250569.369623028
2022-03-15T04:15:00+00:00,484942.317685157081540200000000000000000000,49.05,23786420.68245695
2022-03-15T04:25:00+00:00,485212.059975157081540200000000000000000000,49.17,23857876.988978475
2022-03-15T05:15:00+00:00,485224.207285157081540200000000000000000000,47.24,22921991.55215082
2022-03-15T05:41:00+00:00,485266.229456897831743600000000000000000000,48.66,23613054.725372646
2022-03-15T08:15:00+00:00,485339.726616897831743600000000000000000000,45.88,22267386.657183275
2022-03-15T09:57:00+00:00,490594.040803142937389400000000000000000000,47.05,23082449.619787876
2022-03-15T10:54:00+00:00,490600.946966832937389400000000000000000000,47.62,23362417.094560582
2022-03-15T11:24:00+00:00,490607.031281659811603900000000000000000000,47.97,23534419.29058122
2022-03-15T11:27:00+00:00,490648.285922546523366800000000000000000000,48.02,23560930.690000687
2022-03-15T11:34:00+00:00,490759.534115896368513800000000000000000000,47.94,23527012.065516073
2022-03-15T11:59:00+00:00,490831.904115896368513800000000000000000000,47.62,23373415.273998983
2022-03-15T12:02:00+00:00,491020.054115896368513800000000000000000000,47.64,23392195.378081303
2022-03-15T14:39:00+00:00,491270.054115896368513800000000000000000000,48.4,23777470.619209383
2022-03-15T15:52:00+00:00,491280.054115896368513800000000000000000000,48.49,23822169.824079815
2022-03-15T15:54:00+00:00,491270.054115896368513800000000000000000000,48.49,23821684.924079813
2022-03-15T15:58:00+00:00,491549.299176265829022700000000000000000000,48.38,23781155.09414774
2022-03-15T16:14:00+00:00,491580.299176265829022700000000000000000000,48.1,23645012.390378386
2022-03-15T16:28:00+00:00,491587.318572283701731100000000000000000000,48.11,23650265.896512568
2022-03-15T17:31:00+00:00,491054.510467338585841200000000000000000000,47.54,23344731.427617278
2022-03-15T17:46:00+00:00,493500.838452903567194400000000000000000000,47.62,23500509.927127264
2022-03-15T18:57:00+00:00,494866.074575247330020300000000000000000000,47.4,23456651.934866723
2022-03-15T19:27:00+00:00,494834.074575247330020300000000000000000000,47.58,23544205.268290266
2022-03-15T21:08:00+00:00,495207.604814042718180000000000000000000000,47.92,23730348.422688928
2022-03-15T21:37:00+00:00,495229.254814042718180000000000000000000000,47.96,23751195.060881488
2022-03-16T01:49:00+00:00,495254.665364991527911900000000000000000000,46.77,23163060.699120656
2022-03-16T03:08:00+00:00,495265.634774948763544200000000000000000000,47.87,23708365.936676797
2022-03-16T03:51:00+00:00,491970.988364778763544200000000000000000000,46.7,22975045.15663517
2022-03-16T06:21:00+00:00,491685.988364778763544200000000000000000000,47.55,23379668.74674523
2022-03-16T06:56:00+00:00,492362.937084813971108300000000000000000000,47.74,23505406.61642902
2022-03-16T08:10:00+00:00,495659.159397313971108300000000000000000000,48.04,23811466.01744696
2022-03-16T10:09:00+00:00,495597.784674083971108300000000000000000000,48.47,24021624.623152852
2022-03-16T10:14:00+00:00,496203.945389418035738800000000000000000000,48.54,24085739.50920235
2022-03-16T11:12:00+00:00,496303.992519418035738800000000000000000000,47.85,23748146.042054154
2022-03-16T11:22:00+00:00,497166.376069418035738800000000000000000000,47.94,23834156.068767898
2022-03-16T14:02:00+00:00,497358.968794342771614800000000000000000000,48.35,24047306.141206473
2022-03-16T17:54:00+00:00,497381.954674342771614800000000000000000000,47.01,23381925.68924085
2022-03-16T18:39:00+00:00,497331.584706172771614800000000000000000000,46.38,23066238.898672294
2022-03-16T23:52:00+00:00,497450.003090091375399700000000000000000000,48.6,24176070.150178444
2022-03-17T01:52:00+00:00,497454.665510713318481400000000000000000000,49.62,24683700.502641592
2022-03-17T02:30:00+00:00,497563.465824596957980900000000000000000000,49.39,24574659.57707684
2022-03-17T02:35:00+00:00,497623.545195819414136600000000000000000000,49.48,24622413.01628914
2022-03-17T03:32:00+00:00,497635.768814726343215000000000000000000000,49.15,24458798.0372438
2022-03-17T04:13:00+00:00,497817.323053527421972600000000000000000000,49,24393048.829622846
2022-03-17T07:57:00+00:00,498330.338903447251156900000000000000000000,48,23919856.26736547
2022-03-17T09:40:00+00:00,498930.338903447251156900000000000000000000,48.01,23953645.570754502
2022-03-17T10:21:00+00:00,498867.958903447251156900000000000000000000,48.17,24030469.580379054
2022-03-17T12:46:00+00:00,498919.480123447251156900000000000000000000,47.83,23863318.73430448
2022-03-17T15:18:00+00:00,498419.480123447251156900000000000000000000,47.93,23889245.68231683
2022-03-17T18:17:00+00:00,498477.571403447251156900000000000000000000,47.46,23657745.53880761
2022-03-17T20:43:00+00:00,498426.050183447251156900000000000000000000,47.26,23555615.131669715
2022-03-17T22:15:00+00:00,498626.945510769546818400000000000000000000,47.23,23550150.636473645
2022-03-18T06:28:00+00:00,498676.945510769546818400000000000000000000,45.99,22934152.724040292
2022-03-18T06:30:00+00:00,498626.945510769546818400000000000000000000,45.99,22931853.224040292
2022-03-18T06:31:00+00:00,506276.945510769546818400000000000000000000,45.95,23263425.64621986
2022-03-18T07:28:00+00:00,504786.741246943455415100000000000000000000,45.71,23073801.94239779
2022-03-18T11:16:00+00:00,504843.497842869391260200000000000000000000,44.72,22576601.223533116
2022-03-18T11:52:00+00:00,503943.497842869391260200000000000000000000,44.73,22541392.658511546
2022-03-18T13:59:00+00:00,503957.769670479391260200000000000000000000,44.99,22673060.05747487
2022-03-18T14:31:00+00:00,505272.579341241463765800000000000000000000,45.49,22984849.634233076
2022-03-18T16:25:00+00:00,505293.191768551214948900000000000000000000,46.34,23415286.506554663
2022-03-18T18:07:00+00:00,505082.923844551214948900000000000000000000,46.27,23370186.886287387
2022-03-18T18:56:00+00:00,505147.819444551214948900000000000000000000,46.19,23332777.78014382
2022-03-18T22:35:00+00:00,505167.585790979132056200000000000000000000,45.9,23187192.187805943
2022-03-18T22:50:00+00:00,505578.401682961031787900000000000000000000,45.92,23216160.20528157
2022-03-19T01:41:00+00:00,505651.136387715699688300000000000000000000,46.36,23441986.6829345
2022-03-19T02:14:00+00:00,507507.227382785531849200000000000000000000,46.25,23472209.26645383
2022-03-19T02:20:00+00:00,551328.557073992701849200000000000000000000,46.27,25509972.33581364
2022-03-19T02:58:00+00:00,551368.557073992701849200000000000000000000,46.38,25572473.67709178
2022-03-19T03:13:00+00:00,551890.807073992701849200000000000000000000,46.39,25602214.540162522
2022-03-19T05:31:00+00:00,551993.784103992701849200000000000000000000,46.27,25540752.390491746
2022-03-19T07:33:00+00:00,552115.214130554910530400000000000000000000,46.71,25789301.65203822
2022-03-19T08:19:00+00:00,552120.689607154554659500000000000000000000,46.53,25690175.687420905
2022-03-19T08:59:00+00:00,552276.499607154554659500000000000000000000,46.74,25813403.591638405
2022-03-19T09:27:00+00:00,552650.435067154554659500000000000000000000,47.04,25996676.46555895
2022-03-19T12:05:00+00:00,552666.032127154554659500000000000000000000,46.88,25908983.586121004
2022-03-19T18:12:00+00:00,552616.032127154554659500000000000000000000,47.44,26216104.56411221
2022-03-19T19:22:00+00:00,552748.652115809378803200000000000000000000,47.22,26100791.35290852
2022-03-19T20:56:00+00:00,552759.493142809378803200000000000000000000,47.18,26079192.886477746
2022-03-19T21:40:00+00:00,552769.555105521250689700000000000000000000,46.74,25836449.00563206
2022-03-20T02:30:00+00:00,552834.622555521250689700000000000000000000,45.64,25231372.17343399
2022-03-20T06:24:00+00:00,552784.622555521250689700000000000000000000,45.47,25135116.78759955
2022-03-20T08:45:00+00:00,552828.863155521250689700000000000000000000,46.01,25435655.99378553
2022-03-20T09:38:00+00:00,553038.182611879898677200000000000000000000,45.58,25207480.363449484
2022-03-20T10:01:00+00:00,553060.460121784095267700000000000000000000,45.5,25164250.93554118
2022-03-20T10:05:00+00:00,553099.955334019361710100000000000000000000,45.5,25166047.96769788
2022-03-20T11:07:00+00:00,556251.885706709361710100000000000000000000,45.34,25220460.497942206
2022-03-20T13:00:00+00:00,556261.992900394892785600000000000000000000,45.49,25304358.057038963
2022-03-20T16:19:00+00:00,556292.101049741746228200000000000000000000,45.16,25122151.283406336
2022-03-20T17:25:00+00:00,556247.155822546302887400000000000000000000,44.92,24986622.239548784
2022-03-20T17:28:00+00:00,556271.273970389103135400000000000000000000,44.92,24987705.62674988
2022-03-20T21:43:00+00:00,556581.273970389103135400000000000000000000,45.35,25240960.77455715
2022-03-21T00:36:00+00:00,556890.323970389103135400000000000000000000,45.16,25149167.03050277
2022-03-21T01:01:00+00:00,556618.323970389103135400000000000000000000,45.41,25276038.091495365
2022-03-21T01:04:00+00:00,556518.323970389103135400000000000000000000,45.41,25271497.091495365
2022-03-21T03:14:00+00:00,556820.953270389103135400000000000000000000,44.33,24683872.85847635
2022-03-21T05:33:00+00:00,557820.217270389103135400000000000000000000,44.49,24817421.46635961
2022-03-21T05:59:00+00:00,558033.597270389103135400000000000000000000,44.6,24888298.438259356
2022-03-21T07:51:00+00:00,558090.062100389103135400000000000000000000,45.08,25158699.99948554
2022-03-21T07:54:00+00:00,559528.812124267358243300000000000000000000,45.08,25223558.85056197
2022-03-21T07:59:00+00:00,561559.790742737358243300000000000000000000,45.1,25326346.562497456
2022-03-21T09:43:00+00:00,561926.788230595226755000000000000000000000,45.69,25674434.954255894
2022-03-21T11:25:00+00:00,561871.788230595226755000000000000000000000,45.85,25761821.49037279
2022-03-21T12:48:00+00:00,562718.774486356344208300000000000000000000,45.61,25665603.304322712
2022-03-21T13:12:00+00:00,562735.663804210175507400000000000000000000,45.83,25790175.47214695
2022-03-21T13:51:00+00:00,562746.044334210175507400000000000000000000,45.82,25785023.751393512
2022-03-21T14:45:00+00:00,562810.901174210175507400000000000000000000,45.33,25512218.150226943
2022-03-21T16:02:00+00:00,562821.657360431434553800000000000000000000,45.55,25636526.492767647
2022-03-21T21:23:00+00:00,562874.571536431434553800000000000000000000,45.07,25368756.939146966
2022-03-21T21:30:00+00:00,562946.768636431434553800000000000000000000,45.07,25372010.862443965
2022-03-22T03:15:00+00:00,559650.546323931434553800000000000000000000,45,25184274.584576916
2022-03-22T04:21:00+00:00,559328.284825752929823400000000000000000000,44.85,25085873.57443502
2022-03-22T04:48:00+00:00,559332.837655776465110700000000000000000000,44.65,24974211.201330416
2022-03-22T05:01:00+00:00,559732.238655776465110700000000000000000000,44.92,25143172.160417482
2022-03-22T08:28:00+00:00,559782.516708346087326000000000000000000000,45.3,25358148.006888077
2022-03-22T09:19:00+00:00,560134.846708346087326000000000000000000000,45.23,25334899.116618488
2022-03-22T09:44:00+00:00,560335.505398346087326000000000000000000000,45.18,25315958.13389728
2022-03-22T13:59:00+00:00,560422.937687481806279400000000000000000000,45.83,25684183.234217286
2022-03-22T14:12:00+00:00,560425.888687481806279400000000000000000000,45.94,25745965.326302912
2022-03-22T17:51:00+00:00,560463.416087481806279400000000000000000000,45.26,25366574.212119423
2022-03-23T03:26:00+00:00,560063.416087481806279400000000000000000000,44.61,24984428.991662562
2022-03-23T05:18:00+00:00,560348.126087481806279400000000000000000000,44.17,24750576.729284074
2022-03-23T07:35:00+00:00,563473.126087481806279400000000000000000000,44.15,24877338.516762324
2022-03-23T08:31:00+00:00,565573.126087481806279400000000000000000000,44.17,24981364.979284074
2022-03-23T08:38:00+00:00,575871.482087481806279400000000000000000000,44.24,25476554.367550194
2022-03-23T08:49:00+00:00,577868.812087481806279400000000000000000000,44.23,25559137.55862932
2022-03-23T08:53:00+00:00,577846.812087481806279400000000000000000000,44.24,25563942.966750197
2022-03-23T08:55:00+00:00,577824.812087481806279400000000000000000000,44.25,25568747.93487107
2022-03-23T11:54:00+00:00,577946.248339096249427400000000000000000000,44.37,25643475.038805697
2022-03-23T12:48:00+00:00,577739.514909096249427400000000000000000000,44.59,25761404.969796605
2022-03-23T13:12:00+00:00,577793.420097096249427400000000000000000000,44.61,25775364.470531464
2022-03-23T18:20:00+00:00,577693.420097096249427400000000000000000000,43.18,24944801.879792616
2022-03-23T21:21:00+00:00,577857.350097096249427400000000000000000000,43.01,24853644.62767611
2022-03-24T08:38:00+00:00,577862.950097096249427400000000000000000000,41.78,24143114.055056684
2022-03-24T08:58:00+00:00,578555.227205075542328000000000000000000000,42.03,24316676.199429326
2022-03-24T12:07:00+00:00,578531.018197075542328000000000000000000000,42.97,24859477.85192834
2022-03-24T13:38:00+00:00,578643.565209033616499100000000000000000000,43.35,25084198.55181161
2022-03-24T13:55:00+00:00,578648.101210230926586300000000000000000000,44.02,25472089.41527437
2022-03-24T14:21:00+00:00,577205.854700277411179900000000000000000000,47.21,27249888.4004001
2022-03-24T16:09:00+00:00,574053.924327587411179900000000000000000000,48.6,27899020.722320747
2022-03-24T19:20:00+00:00,574043.543797587411179900000000000000000000,46.25,26549513.900638416
2022-03-25T01:06:00+00:00,575511.434489109777498400000000000000000000,46.24,26611648.730776437
2022-03-25T01:53:00+00:00,576203.363409109777498400000000000000000000,46.34,26701263.86037815
