hour,numberOfTroves
2021-04-05T08:00:00+00:00,1
2021-04-05T09:00:00+00:00,2
2021-04-05T11:00:00+00:00,2
2021-04-05T13:00:00+00:00,3
2021-04-05T14:00:00+00:00,96
2021-04-05T15:00:00+00:00,163
2021-04-05T16:00:00+00:00,210
2021-04-05T17:00:00+00:00,283
2021-04-05T18:00:00+00:00,340
2021-04-05T19:00:00+00:00,367
2021-04-05T20:00:00+00:00,395
2021-04-05T21:00:00+00:00,413
2021-04-05T22:00:00+00:00,437
2021-04-05T23:00:00+00:00,453
2021-04-06T00:00:00+00:00,462
2021-04-06T01:00:00+00:00,479
2021-04-06T02:00:00+00:00,492
2021-04-06T03:00:00+00:00,510
2021-04-06T04:00:00+00:00,520
2021-04-06T05:00:00+00:00,539
2021-04-06T06:00:00+00:00,553
2021-04-06T07:00:00+00:00,559
2021-04-06T08:00:00+00:00,572
2021-04-06T09:00:00+00:00,581
2021-04-06T10:00:00+00:00,595
2021-04-06T11:00:00+00:00,597
2021-04-06T12:00:00+00:00,605
2021-04-06T13:00:00+00:00,605
2021-04-06T14:00:00+00:00,609
2021-04-06T15:00:00+00:00,617
2021-04-06T16:00:00+00:00,619
2021-04-06T17:00:00+00:00,619
2021-04-06T18:00:00+00:00,622
2021-04-06T19:00:00+00:00,621
2021-04-06T20:00:00+00:00,622
2021-04-06T21:00:00+00:00,627
2021-04-06T23:00:00+00:00,630
2021-04-07T00:00:00+00:00,632
2021-04-07T01:00:00+00:00,633
2021-04-07T02:00:00+00:00,634
2021-04-07T03:00:00+00:00,637
2021-04-07T04:00:00+00:00,641
2021-04-07T05:00:00+00:00,646
2021-04-07T06:00:00+00:00,652
2021-04-07T07:00:00+00:00,652
2021-04-07T08:00:00+00:00,654
2021-04-07T09:00:00+00:00,659
2021-04-07T10:00:00+00:00,660
2021-04-07T11:00:00+00:00,655
2021-04-07T12:00:00+00:00,658
2021-04-07T13:00:00+00:00,660
2021-04-07T14:00:00+00:00,662
2021-04-07T15:00:00+00:00,662
2021-04-07T16:00:00+00:00,661
2021-04-07T17:00:00+00:00,660
2021-04-07T18:00:00+00:00,660
2021-04-07T19:00:00+00:00,655
2021-04-07T20:00:00+00:00,652
2021-04-07T21:00:00+00:00,649
2021-04-07T22:00:00+00:00,651
2021-04-07T23:00:00+00:00,653
2021-04-08T00:00:00+00:00,654
2021-04-08T01:00:00+00:00,656
2021-04-08T03:00:00+00:00,659
2021-04-08T04:00:00+00:00,660
2021-04-08T05:00:00+00:00,662
2021-04-08T06:00:00+00:00,665
2021-04-08T07:00:00+00:00,669
2021-04-08T08:00:00+00:00,668
2021-04-08T09:00:00+00:00,669
2021-04-08T10:00:00+00:00,669
2021-04-08T11:00:00+00:00,670
2021-04-08T12:00:00+00:00,671
2021-04-08T13:00:00+00:00,674
2021-04-08T14:00:00+00:00,675
2021-04-08T15:00:00+00:00,676
2021-04-08T16:00:00+00:00,677
2021-04-08T17:00:00+00:00,676
2021-04-08T18:00:00+00:00,677
2021-04-08T19:00:00+00:00,672
2021-04-08T20:00:00+00:00,672
2021-04-08T21:00:00+00:00,673
2021-04-08T22:00:00+00:00,672
2021-04-08T23:00:00+00:00,674
2021-04-09T00:00:00+00:00,672
2021-04-09T01:00:00+00:00,671
2021-04-09T02:00:00+00:00,677
2021-04-09T03:00:00+00:00,678
2021-04-09T04:00:00+00:00,677
2021-04-09T05:00:00+00:00,679
2021-04-09T06:00:00+00:00,680
2021-04-09T07:00:00+00:00,682
2021-04-09T08:00:00+00:00,682
2021-04-09T09:00:00+00:00,683
2021-04-09T11:00:00+00:00,683
2021-04-09T12:00:00+00:00,684
2021-04-09T13:00:00+00:00,686
2021-04-09T14:00:00+00:00,685
2021-04-09T16:00:00+00:00,684
2021-04-09T17:00:00+00:00,683
2021-04-09T18:00:00+00:00,686
2021-04-09T19:00:00+00:00,685
2021-04-09T20:00:00+00:00,686
2021-04-09T21:00:00+00:00,687
2021-04-09T22:00:00+00:00,684
2021-04-09T23:00:00+00:00,685
2021-04-10T01:00:00+00:00,684
2021-04-10T02:00:00+00:00,683
2021-04-10T03:00:00+00:00,684
2021-04-10T04:00:00+00:00,683
2021-04-10T07:00:00+00:00,683
2021-04-10T08:00:00+00:00,684
2021-04-10T09:00:00+00:00,685
2021-04-10T10:00:00+00:00,683
2021-04-10T12:00:00+00:00,685
2021-04-10T13:00:00+00:00,686
2021-04-10T14:00:00+00:00,686
2021-04-10T15:00:00+00:00,688
2021-04-10T16:00:00+00:00,685
2021-04-10T17:00:00+00:00,687
2021-04-10T18:00:00+00:00,688
2021-04-10T19:00:00+00:00,689
2021-04-10T20:00:00+00:00,688
2021-04-10T21:00:00+00:00,687
2021-04-10T22:00:00+00:00,688
2021-04-10T23:00:00+00:00,690
2021-04-11T00:00:00+00:00,691
2021-04-11T01:00:00+00:00,690
2021-04-11T03:00:00+00:00,691
2021-04-11T04:00:00+00:00,692
2021-04-11T05:00:00+00:00,691
2021-04-11T06:00:00+00:00,690
2021-04-11T07:00:00+00:00,691
2021-04-11T08:00:00+00:00,696
2021-04-11T09:00:00+00:00,697
2021-04-11T11:00:00+00:00,697
2021-04-11T12:00:00+00:00,698
2021-04-11T13:00:00+00:00,699
2021-04-11T14:00:00+00:00,702
2021-04-11T15:00:00+00:00,705
2021-04-11T16:00:00+00:00,707
2021-04-11T17:00:00+00:00,708
2021-04-11T18:00:00+00:00,710
2021-04-11T19:00:00+00:00,710
2021-04-11T20:00:00+00:00,709
2021-04-11T21:00:00+00:00,707
2021-04-11T23:00:00+00:00,707
2021-04-12T01:00:00+00:00,708
2021-04-12T02:00:00+00:00,710
2021-04-12T03:00:00+00:00,712
2021-04-12T04:00:00+00:00,714
2021-04-12T05:00:00+00:00,716
2021-04-12T06:00:00+00:00,717
2021-04-12T07:00:00+00:00,718
2021-04-12T09:00:00+00:00,718
2021-04-12T12:00:00+00:00,718
2021-04-12T13:00:00+00:00,720
2021-04-12T14:00:00+00:00,721
2021-04-12T15:00:00+00:00,721
2021-04-12T16:00:00+00:00,721
2021-04-12T17:00:00+00:00,720
2021-04-12T19:00:00+00:00,722
2021-04-12T20:00:00+00:00,724
2021-04-12T21:00:00+00:00,725
2021-04-12T22:00:00+00:00,726
2021-04-12T23:00:00+00:00,728
2021-04-13T00:00:00+00:00,729
2021-04-13T01:00:00+00:00,732
2021-04-13T02:00:00+00:00,734
2021-04-13T03:00:00+00:00,736
2021-04-13T04:00:00+00:00,741
2021-04-13T05:00:00+00:00,743
2021-04-13T06:00:00+00:00,744
2021-04-13T07:00:00+00:00,745
2021-04-13T08:00:00+00:00,746
2021-04-13T09:00:00+00:00,747
2021-04-13T10:00:00+00:00,748
2021-04-13T11:00:00+00:00,751
2021-04-13T14:00:00+00:00,756
2021-04-13T15:00:00+00:00,760
2021-04-13T16:00:00+00:00,761
2021-04-13T17:00:00+00:00,763
2021-04-13T18:00:00+00:00,764
2021-04-13T19:00:00+00:00,765
2021-04-13T20:00:00+00:00,768
2021-04-13T21:00:00+00:00,769
2021-04-13T22:00:00+00:00,770
2021-04-13T23:00:00+00:00,772
2021-04-14T00:00:00+00:00,773
2021-04-14T02:00:00+00:00,774
2021-04-14T03:00:00+00:00,777
2021-04-14T04:00:00+00:00,780
2021-04-14T05:00:00+00:00,785
2021-04-14T06:00:00+00:00,785
2021-04-14T07:00:00+00:00,786
2021-04-14T08:00:00+00:00,791
2021-04-14T09:00:00+00:00,796
2021-04-14T10:00:00+00:00,799
2021-04-14T11:00:00+00:00,802
2021-04-14T12:00:00+00:00,804
2021-04-14T13:00:00+00:00,803
2021-04-14T14:00:00+00:00,805
2021-04-14T15:00:00+00:00,806
2021-04-14T16:00:00+00:00,807
2021-04-14T17:00:00+00:00,809
2021-04-14T18:00:00+00:00,812
2021-04-14T20:00:00+00:00,814
2021-04-14T21:00:00+00:00,817
2021-04-14T22:00:00+00:00,819
2021-04-15T00:00:00+00:00,819
2021-04-15T01:00:00+00:00,821
2021-04-15T02:00:00+00:00,824
2021-04-15T04:00:00+00:00,828
2021-04-15T05:00:00+00:00,833
2021-04-15T06:00:00+00:00,837
2021-04-15T07:00:00+00:00,839
2021-04-15T08:00:00+00:00,839
2021-04-15T09:00:00+00:00,840
2021-04-15T10:00:00+00:00,847
2021-04-15T11:00:00+00:00,848
2021-04-15T12:00:00+00:00,850
2021-04-15T13:00:00+00:00,854
2021-04-15T14:00:00+00:00,859
2021-04-15T15:00:00+00:00,863
2021-04-15T16:00:00+00:00,865
2021-04-15T17:00:00+00:00,871
2021-04-15T18:00:00+00:00,874
2021-04-15T19:00:00+00:00,877
2021-04-15T20:00:00+00:00,878
2021-04-15T21:00:00+00:00,885
2021-04-15T22:00:00+00:00,887
2021-04-15T23:00:00+00:00,886
2021-04-16T00:00:00+00:00,887
2021-04-16T01:00:00+00:00,888
2021-04-16T02:00:00+00:00,889
2021-04-16T04:00:00+00:00,889
2021-04-16T05:00:00+00:00,889
2021-04-16T06:00:00+00:00,891
2021-04-16T07:00:00+00:00,893
2021-04-16T08:00:00+00:00,896
2021-04-16T09:00:00+00:00,898
2021-04-16T10:00:00+00:00,902
2021-04-16T11:00:00+00:00,906
2021-04-16T12:00:00+00:00,907
2021-04-16T13:00:00+00:00,910
2021-04-16T14:00:00+00:00,911
2021-04-16T15:00:00+00:00,912
2021-04-16T16:00:00+00:00,914
2021-04-16T17:00:00+00:00,916
2021-04-16T18:00:00+00:00,920
2021-04-16T19:00:00+00:00,922
2021-04-16T22:00:00+00:00,923
2021-04-16T23:00:00+00:00,926
2021-04-17T00:00:00+00:00,927
2021-04-17T01:00:00+00:00,927
2021-04-17T02:00:00+00:00,928
2021-04-17T05:00:00+00:00,931
2021-04-17T06:00:00+00:00,930
2021-04-17T07:00:00+00:00,933
2021-04-17T10:00:00+00:00,933
2021-04-17T11:00:00+00:00,934
2021-04-17T13:00:00+00:00,932
2021-04-17T14:00:00+00:00,931
2021-04-17T16:00:00+00:00,930
2021-04-17T17:00:00+00:00,931
2021-04-17T18:00:00+00:00,932
2021-04-17T19:00:00+00:00,932
2021-04-17T20:00:00+00:00,933
2021-04-17T21:00:00+00:00,935
2021-04-17T22:00:00+00:00,937
2021-04-18T00:00:00+00:00,936
2021-04-18T01:00:00+00:00,938
2021-04-18T02:00:00+00:00,938
2021-04-18T03:00:00+00:00,931
2021-04-18T04:00:00+00:00,928
2021-04-18T05:00:00+00:00,927
2021-04-18T06:00:00+00:00,927
2021-04-18T07:00:00+00:00,926
2021-04-18T08:00:00+00:00,926
2021-04-18T09:00:00+00:00,924
2021-04-18T10:00:00+00:00,922
2021-04-18T11:00:00+00:00,920
2021-04-18T12:00:00+00:00,918
2021-04-18T13:00:00+00:00,914
2021-04-18T14:00:00+00:00,913
2021-04-18T15:00:00+00:00,911
2021-04-18T16:00:00+00:00,913
2021-04-18T17:00:00+00:00,915
2021-04-18T18:00:00+00:00,915
2021-04-18T19:00:00+00:00,919
2021-04-18T20:00:00+00:00,922
2021-04-18T21:00:00+00:00,925
2021-04-18T22:00:00+00:00,927
2021-04-18T23:00:00+00:00,928
2021-04-19T00:00:00+00:00,929
2021-04-19T01:00:00+00:00,930
2021-04-19T02:00:00+00:00,933
2021-04-19T03:00:00+00:00,932
2021-04-19T04:00:00+00:00,933
2021-04-19T05:00:00+00:00,935
2021-04-19T06:00:00+00:00,934
2021-04-19T08:00:00+00:00,934
2021-04-19T10:00:00+00:00,931
2021-04-19T11:00:00+00:00,933
2021-04-19T12:00:00+00:00,928
2021-04-19T13:00:00+00:00,927
2021-04-19T14:00:00+00:00,926
2021-04-19T15:00:00+00:00,925
2021-04-19T16:00:00+00:00,926
2021-04-19T19:00:00+00:00,926
2021-04-19T20:00:00+00:00,927
2021-04-19T21:00:00+00:00,926
2021-04-19T23:00:00+00:00,926
2021-04-20T01:00:00+00:00,925
2021-04-20T02:00:00+00:00,920
2021-04-20T05:00:00+00:00,919
2021-04-20T06:00:00+00:00,919
2021-04-20T07:00:00+00:00,917
2021-04-20T08:00:00+00:00,916
2021-04-20T09:00:00+00:00,917
2021-04-20T10:00:00+00:00,918
2021-04-20T13:00:00+00:00,917
2021-04-20T14:00:00+00:00,916
2021-04-20T15:00:00+00:00,915
2021-04-20T16:00:00+00:00,916
2021-04-20T17:00:00+00:00,917
2021-04-20T18:00:00+00:00,917
2021-04-20T20:00:00+00:00,916
2021-04-20T21:00:00+00:00,914
2021-04-20T22:00:00+00:00,909
2021-04-20T23:00:00+00:00,908
2021-04-21T00:00:00+00:00,905
2021-04-21T01:00:00+00:00,903
2021-04-21T02:00:00+00:00,903
2021-04-21T03:00:00+00:00,904
2021-04-21T04:00:00+00:00,904
2021-04-21T05:00:00+00:00,903
2021-04-21T06:00:00+00:00,905
2021-04-21T07:00:00+00:00,902
2021-04-21T08:00:00+00:00,899
2021-04-21T09:00:00+00:00,897
2021-04-21T10:00:00+00:00,898
2021-04-21T11:00:00+00:00,889
2021-04-21T12:00:00+00:00,888
2021-04-21T13:00:00+00:00,887
2021-04-21T14:00:00+00:00,889
2021-04-21T15:00:00+00:00,889
2021-04-21T16:00:00+00:00,892
2021-04-21T17:00:00+00:00,892
2021-04-21T19:00:00+00:00,892
2021-04-21T21:00:00+00:00,892
2021-04-21T22:00:00+00:00,891
2021-04-21T23:00:00+00:00,891
2021-04-22T00:00:00+00:00,891
2021-04-22T01:00:00+00:00,888
2021-04-22T02:00:00+00:00,887
2021-04-22T04:00:00+00:00,889
2021-04-22T05:00:00+00:00,888
2021-04-22T06:00:00+00:00,892
2021-04-22T08:00:00+00:00,892
2021-04-22T09:00:00+00:00,893
2021-04-22T10:00:00+00:00,897
2021-04-22T11:00:00+00:00,897
2021-04-22T12:00:00+00:00,896
2021-04-22T13:00:00+00:00,899
2021-04-22T14:00:00+00:00,899
2021-04-22T15:00:00+00:00,898
2021-04-22T16:00:00+00:00,898
2021-04-22T17:00:00+00:00,898
2021-04-22T18:00:00+00:00,898
2021-04-22T19:00:00+00:00,899
2021-04-22T20:00:00+00:00,897
2021-04-22T21:00:00+00:00,895
2021-04-22T22:00:00+00:00,896
2021-04-22T23:00:00+00:00,898
2021-04-23T00:00:00+00:00,899
2021-04-23T01:00:00+00:00,898
2021-04-23T02:00:00+00:00,896
2021-04-23T03:00:00+00:00,895
2021-04-23T04:00:00+00:00,895
2021-04-23T05:00:00+00:00,894
2021-04-23T06:00:00+00:00,892
2021-04-23T07:00:00+00:00,891
2021-04-23T08:00:00+00:00,890
2021-04-23T10:00:00+00:00,891
2021-04-23T11:00:00+00:00,892
2021-04-23T12:00:00+00:00,891
2021-04-23T14:00:00+00:00,891
2021-04-23T15:00:00+00:00,890
2021-04-23T16:00:00+00:00,889
2021-04-23T17:00:00+00:00,890
2021-04-23T18:00:00+00:00,888
2021-04-23T19:00:00+00:00,889
2021-04-23T20:00:00+00:00,893
2021-04-23T21:00:00+00:00,894
2021-04-23T22:00:00+00:00,895
2021-04-23T23:00:00+00:00,895
2021-04-24T00:00:00+00:00,894
2021-04-24T01:00:00+00:00,896
2021-04-24T02:00:00+00:00,902
2021-04-24T03:00:00+00:00,904
2021-04-24T04:00:00+00:00,909
2021-04-24T06:00:00+00:00,913
2021-04-24T07:00:00+00:00,913
2021-04-24T08:00:00+00:00,915
2021-04-24T09:00:00+00:00,916
2021-04-24T10:00:00+00:00,917
2021-04-24T11:00:00+00:00,919
2021-04-24T13:00:00+00:00,920
2021-04-24T14:00:00+00:00,920
2021-04-24T15:00:00+00:00,920
2021-04-24T16:00:00+00:00,925
2021-04-24T17:00:00+00:00,927
2021-04-24T18:00:00+00:00,932
2021-04-24T19:00:00+00:00,935
2021-04-24T20:00:00+00:00,935
2021-04-24T21:00:00+00:00,939
2021-04-24T22:00:00+00:00,943
2021-04-24T23:00:00+00:00,945
2021-04-25T00:00:00+00:00,948
2021-04-25T01:00:00+00:00,949
2021-04-25T02:00:00+00:00,950
2021-04-25T03:00:00+00:00,951
2021-04-25T04:00:00+00:00,953
2021-04-25T05:00:00+00:00,955
2021-04-25T06:00:00+00:00,958
2021-04-25T07:00:00+00:00,960
2021-04-25T08:00:00+00:00,960
2021-04-25T09:00:00+00:00,963
2021-04-25T10:00:00+00:00,966
2021-04-25T11:00:00+00:00,967
2021-04-25T12:00:00+00:00,969
2021-04-25T13:00:00+00:00,976
2021-04-25T14:00:00+00:00,978
2021-04-25T15:00:00+00:00,976
2021-04-25T16:00:00+00:00,978
2021-04-25T17:00:00+00:00,981
2021-04-25T19:00:00+00:00,984
2021-04-25T20:00:00+00:00,985
2021-04-25T21:00:00+00:00,987
2021-04-25T22:00:00+00:00,988
2021-04-25T23:00:00+00:00,990
2021-04-26T00:00:00+00:00,996
2021-04-26T01:00:00+00:00,1000
2021-04-26T02:00:00+00:00,1001
2021-04-26T03:00:00+00:00,1006
2021-04-26T04:00:00+00:00,1006
2021-04-26T05:00:00+00:00,1011
2021-04-26T06:00:00+00:00,1013
2021-04-26T07:00:00+00:00,1012
2021-04-26T08:00:00+00:00,1013
2021-04-26T09:00:00+00:00,1012
2021-04-26T10:00:00+00:00,1014
2021-04-26T11:00:00+00:00,1016
2021-04-26T12:00:00+00:00,1019
2021-04-26T14:00:00+00:00,1018
2021-04-26T15:00:00+00:00,1020
2021-04-26T16:00:00+00:00,1018
2021-04-26T17:00:00+00:00,1017
2021-04-26T18:00:00+00:00,1018
2021-04-26T19:00:00+00:00,1019
2021-04-26T21:00:00+00:00,1021
2021-04-26T22:00:00+00:00,1022
2021-04-26T23:00:00+00:00,1023
2021-04-27T00:00:00+00:00,1024
2021-04-27T01:00:00+00:00,1026
2021-04-27T02:00:00+00:00,1027
2021-04-27T03:00:00+00:00,1030
2021-04-27T05:00:00+00:00,1031
2021-04-27T06:00:00+00:00,1032
2021-04-27T07:00:00+00:00,1029
2021-04-27T08:00:00+00:00,1028
2021-04-27T10:00:00+00:00,1033
2021-04-27T11:00:00+00:00,1034
2021-04-27T12:00:00+00:00,1034
2021-04-27T13:00:00+00:00,1034
2021-04-27T14:00:00+00:00,1033
2021-04-27T15:00:00+00:00,1029
2021-04-27T16:00:00+00:00,1030
2021-04-27T17:00:00+00:00,1031
2021-04-27T18:00:00+00:00,1035
2021-04-27T19:00:00+00:00,1033
2021-04-27T20:00:00+00:00,1034
2021-04-27T21:00:00+00:00,1033
2021-04-27T22:00:00+00:00,1035
2021-04-27T23:00:00+00:00,1034
2021-04-28T00:00:00+00:00,1034
2021-04-28T01:00:00+00:00,1033
2021-04-28T02:00:00+00:00,1032
2021-04-28T03:00:00+00:00,1034
2021-04-28T04:00:00+00:00,1035
2021-04-28T05:00:00+00:00,1035
2021-04-28T07:00:00+00:00,1037
2021-04-28T08:00:00+00:00,1037
2021-04-28T09:00:00+00:00,1038
2021-04-28T11:00:00+00:00,1037
2021-04-28T13:00:00+00:00,1039
2021-04-28T14:00:00+00:00,1039
2021-04-28T17:00:00+00:00,1039
2021-04-28T19:00:00+00:00,1037
2021-04-28T21:00:00+00:00,1040
2021-04-29T00:00:00+00:00,1041
2021-04-29T01:00:00+00:00,1042
2021-04-29T02:00:00+00:00,1043
2021-04-29T03:00:00+00:00,1044
2021-04-29T04:00:00+00:00,1045
2021-04-29T05:00:00+00:00,1045
2021-04-29T06:00:00+00:00,1042
2021-04-29T07:00:00+00:00,1041
2021-04-29T08:00:00+00:00,1042
2021-04-29T09:00:00+00:00,1042
2021-04-29T10:00:00+00:00,1041
2021-04-29T11:00:00+00:00,1039
2021-04-29T14:00:00+00:00,1040
2021-04-29T16:00:00+00:00,1040
2021-04-29T17:00:00+00:00,1041
2021-04-29T18:00:00+00:00,1037
2021-04-29T19:00:00+00:00,1036
2021-04-29T20:00:00+00:00,1036
2021-04-29T21:00:00+00:00,1037
2021-04-29T22:00:00+00:00,1039
2021-04-29T23:00:00+00:00,1040
2021-04-30T00:00:00+00:00,1041
2021-04-30T02:00:00+00:00,1042
2021-04-30T03:00:00+00:00,1040
2021-04-30T05:00:00+00:00,1039
2021-04-30T06:00:00+00:00,1036
2021-04-30T07:00:00+00:00,1036
2021-04-30T08:00:00+00:00,1036
2021-04-30T09:00:00+00:00,1037
2021-04-30T10:00:00+00:00,1036
2021-04-30T11:00:00+00:00,1038
2021-04-30T12:00:00+00:00,1039
2021-04-30T13:00:00+00:00,1037
2021-04-30T15:00:00+00:00,1039
2021-04-30T16:00:00+00:00,1038
2021-04-30T17:00:00+00:00,1039
2021-04-30T18:00:00+00:00,1039
2021-04-30T19:00:00+00:00,1041
2021-04-30T20:00:00+00:00,1042
2021-04-30T21:00:00+00:00,1044
2021-04-30T22:00:00+00:00,1043
2021-04-30T23:00:00+00:00,1044
2021-05-01T00:00:00+00:00,1046
2021-05-01T01:00:00+00:00,1047
2021-05-01T02:00:00+00:00,1046
2021-05-01T03:00:00+00:00,1047
2021-05-01T04:00:00+00:00,1048
2021-05-01T05:00:00+00:00,1048
2021-05-01T06:00:00+00:00,1050
2021-05-01T07:00:00+00:00,1054
2021-05-01T08:00:00+00:00,1055
2021-05-01T09:00:00+00:00,1054
2021-05-01T10:00:00+00:00,1054
2021-05-01T11:00:00+00:00,1056
2021-05-01T12:00:00+00:00,1055
2021-05-01T13:00:00+00:00,1052
2021-05-01T14:00:00+00:00,1054
2021-05-01T15:00:00+00:00,1054
2021-05-01T16:00:00+00:00,1055
2021-05-01T17:00:00+00:00,1055
2021-05-01T18:00:00+00:00,1054
2021-05-01T19:00:00+00:00,1054
2021-05-01T20:00:00+00:00,1057
2021-05-01T22:00:00+00:00,1062
2021-05-01T23:00:00+00:00,1063
2021-05-02T00:00:00+00:00,1064
2021-05-02T02:00:00+00:00,1063
2021-05-02T03:00:00+00:00,1062
2021-05-02T04:00:00+00:00,1061
2021-05-02T05:00:00+00:00,1063
2021-05-02T06:00:00+00:00,1064
2021-05-02T07:00:00+00:00,1063
2021-05-02T09:00:00+00:00,1065
2021-05-02T11:00:00+00:00,1066
2021-05-02T12:00:00+00:00,1066
2021-05-02T13:00:00+00:00,1065
2021-05-02T14:00:00+00:00,1066
2021-05-02T16:00:00+00:00,1068
2021-05-02T17:00:00+00:00,1071
2021-05-02T18:00:00+00:00,1071
2021-05-02T19:00:00+00:00,1074
2021-05-02T20:00:00+00:00,1073
2021-05-02T21:00:00+00:00,1073
2021-05-02T22:00:00+00:00,1074
2021-05-02T23:00:00+00:00,1074
2021-05-03T00:00:00+00:00,1076
2021-05-03T01:00:00+00:00,1073
2021-05-03T02:00:00+00:00,1070
2021-05-03T03:00:00+00:00,1071
2021-05-03T04:00:00+00:00,1069
2021-05-03T05:00:00+00:00,1069
2021-05-03T06:00:00+00:00,1069
2021-05-03T07:00:00+00:00,1070
2021-05-03T09:00:00+00:00,1070
2021-05-03T10:00:00+00:00,1072
2021-05-03T11:00:00+00:00,1072
2021-05-03T12:00:00+00:00,1074
2021-05-03T13:00:00+00:00,1073
2021-05-03T14:00:00+00:00,1073
2021-05-03T15:00:00+00:00,1074
2021-05-03T16:00:00+00:00,1073
2021-05-03T17:00:00+00:00,1072
2021-05-03T18:00:00+00:00,1071
2021-05-03T20:00:00+00:00,1073
2021-05-03T22:00:00+00:00,1075
2021-05-03T23:00:00+00:00,1073
2021-05-04T00:00:00+00:00,1074
2021-05-04T01:00:00+00:00,1076
2021-05-04T02:00:00+00:00,1073
2021-05-04T03:00:00+00:00,1075
2021-05-04T04:00:00+00:00,1073
2021-05-04T05:00:00+00:00,1072
2021-05-04T06:00:00+00:00,1071
2021-05-04T07:00:00+00:00,1072
2021-05-04T08:00:00+00:00,1073
2021-05-04T09:00:00+00:00,1072
2021-05-04T10:00:00+00:00,1074
2021-05-04T12:00:00+00:00,1077
2021-05-04T13:00:00+00:00,1078
2021-05-04T15:00:00+00:00,1076
2021-05-04T16:00:00+00:00,1073
2021-05-04T17:00:00+00:00,1073
2021-05-04T18:00:00+00:00,1072
2021-05-04T19:00:00+00:00,1070
2021-05-04T20:00:00+00:00,1073
2021-05-04T21:00:00+00:00,1072
2021-05-04T22:00:00+00:00,1074
2021-05-04T23:00:00+00:00,1075
2021-05-05T00:00:00+00:00,1074
2021-05-05T01:00:00+00:00,1075
2021-05-05T02:00:00+00:00,1074
2021-05-05T03:00:00+00:00,1075
2021-05-05T04:00:00+00:00,1076
2021-05-05T05:00:00+00:00,1078
2021-05-05T06:00:00+00:00,1076
2021-05-05T07:00:00+00:00,1074
2021-05-05T08:00:00+00:00,1075
2021-05-05T09:00:00+00:00,1076
2021-05-05T10:00:00+00:00,1077
2021-05-05T11:00:00+00:00,1079
2021-05-05T12:00:00+00:00,1078
2021-05-05T14:00:00+00:00,1075
2021-05-05T15:00:00+00:00,1078
2021-05-05T16:00:00+00:00,1077
2021-05-05T17:00:00+00:00,1080
2021-05-05T18:00:00+00:00,1079
2021-05-05T20:00:00+00:00,1078
2021-05-05T22:00:00+00:00,1080
2021-05-05T23:00:00+00:00,1080
2021-05-06T01:00:00+00:00,1083
2021-05-06T02:00:00+00:00,1082
2021-05-06T03:00:00+00:00,1080
2021-05-06T04:00:00+00:00,1081
2021-05-06T05:00:00+00:00,1082
2021-05-06T06:00:00+00:00,1081
2021-05-06T08:00:00+00:00,1079
2021-05-06T09:00:00+00:00,1079
2021-05-06T11:00:00+00:00,1080
2021-05-06T12:00:00+00:00,1080
2021-05-06T13:00:00+00:00,1079
2021-05-06T15:00:00+00:00,1081
2021-05-06T16:00:00+00:00,1084
2021-05-06T17:00:00+00:00,1086
2021-05-06T18:00:00+00:00,1087
2021-05-06T19:00:00+00:00,1089
2021-05-06T20:00:00+00:00,1089
2021-05-06T21:00:00+00:00,1091
2021-05-06T22:00:00+00:00,1094
2021-05-06T23:00:00+00:00,1095
2021-05-07T00:00:00+00:00,1097
2021-05-07T01:00:00+00:00,1095
2021-05-07T02:00:00+00:00,1097
2021-05-07T03:00:00+00:00,1097
2021-05-07T04:00:00+00:00,1097
2021-05-07T05:00:00+00:00,1097
2021-05-07T06:00:00+00:00,1099
2021-05-07T07:00:00+00:00,1100
2021-05-07T08:00:00+00:00,1098
2021-05-07T10:00:00+00:00,1099
2021-05-07T12:00:00+00:00,1098
2021-05-07T13:00:00+00:00,1099
2021-05-07T14:00:00+00:00,1102
2021-05-07T15:00:00+00:00,1103
2021-05-07T17:00:00+00:00,1105
2021-05-07T18:00:00+00:00,1105
2021-05-07T19:00:00+00:00,1107
2021-05-07T20:00:00+00:00,1107
2021-05-07T21:00:00+00:00,1108
2021-05-07T22:00:00+00:00,1108
2021-05-07T23:00:00+00:00,1109
2021-05-08T00:00:00+00:00,1109
2021-05-08T01:00:00+00:00,1110
2021-05-08T02:00:00+00:00,1114
2021-05-08T03:00:00+00:00,1115
2021-05-08T05:00:00+00:00,1116
2021-05-08T08:00:00+00:00,1113
2021-05-08T09:00:00+00:00,1114
2021-05-08T10:00:00+00:00,1112
2021-05-08T11:00:00+00:00,1114
2021-05-08T12:00:00+00:00,1112
2021-05-08T13:00:00+00:00,1110
2021-05-08T17:00:00+00:00,1111
2021-05-08T19:00:00+00:00,1112
2021-05-08T20:00:00+00:00,1113
2021-05-08T21:00:00+00:00,1112
2021-05-08T22:00:00+00:00,1112
2021-05-08T23:00:00+00:00,1112
2021-05-09T01:00:00+00:00,1113
2021-05-09T02:00:00+00:00,1114
2021-05-09T04:00:00+00:00,1115
2021-05-09T05:00:00+00:00,1117
2021-05-09T06:00:00+00:00,1119
2021-05-09T07:00:00+00:00,1117
2021-05-09T08:00:00+00:00,1115
2021-05-09T09:00:00+00:00,1115
2021-05-09T10:00:00+00:00,1113
2021-05-09T11:00:00+00:00,1110
2021-05-09T12:00:00+00:00,1112
2021-05-09T13:00:00+00:00,1113
2021-05-09T14:00:00+00:00,1112
2021-05-09T15:00:00+00:00,1111
2021-05-09T16:00:00+00:00,1113
2021-05-09T18:00:00+00:00,1116
2021-05-09T19:00:00+00:00,1117
2021-05-09T21:00:00+00:00,1120
2021-05-09T22:00:00+00:00,1121
2021-05-10T03:00:00+00:00,1124
2021-05-10T04:00:00+00:00,1123
2021-05-10T05:00:00+00:00,1124
2021-05-10T06:00:00+00:00,1125
2021-05-10T07:00:00+00:00,1125
2021-05-10T08:00:00+00:00,1124
2021-05-10T10:00:00+00:00,1125
2021-05-10T13:00:00+00:00,1124
2021-05-10T18:00:00+00:00,1125
2021-05-10T22:00:00+00:00,1122
2021-05-11T01:00:00+00:00,1123
2021-05-11T02:00:00+00:00,1124
2021-05-11T05:00:00+00:00,1124
2021-05-11T06:00:00+00:00,1125
2021-05-11T09:00:00+00:00,1126
2021-05-11T12:00:00+00:00,1127
2021-05-11T15:00:00+00:00,1128
2021-05-11T19:00:00+00:00,1129
2021-05-11T20:00:00+00:00,1130
2021-05-12T04:00:00+00:00,1130
2021-05-12T05:00:00+00:00,1129
2021-05-12T06:00:00+00:00,1128
2021-05-12T07:00:00+00:00,1127
2021-05-12T08:00:00+00:00,1128
2021-05-12T09:00:00+00:00,1127
2021-05-12T10:00:00+00:00,1126
2021-05-12T11:00:00+00:00,1127
2021-05-12T12:00:00+00:00,1127
2021-05-12T13:00:00+00:00,1126
2021-05-12T14:00:00+00:00,1126
2021-05-12T15:00:00+00:00,1125
2021-05-12T17:00:00+00:00,1124
2021-05-12T20:00:00+00:00,1124
2021-05-12T22:00:00+00:00,1124
2021-05-12T23:00:00+00:00,1125
2021-05-13T02:00:00+00:00,1125
2021-05-13T04:00:00+00:00,1124
2021-05-13T05:00:00+00:00,1123
2021-05-13T06:00:00+00:00,1121
2021-05-13T07:00:00+00:00,1122
2021-05-13T09:00:00+00:00,1121
2021-05-13T10:00:00+00:00,1120
2021-05-13T11:00:00+00:00,1120
2021-05-13T12:00:00+00:00,1119
2021-05-13T13:00:00+00:00,1120
2021-05-13T14:00:00+00:00,1121
2021-05-13T15:00:00+00:00,1120
2021-05-13T16:00:00+00:00,1122
2021-05-13T17:00:00+00:00,1123
2021-05-13T18:00:00+00:00,1120
2021-05-13T19:00:00+00:00,1122
2021-05-13T20:00:00+00:00,1124
2021-05-13T21:00:00+00:00,1123
2021-05-13T22:00:00+00:00,1124
2021-05-13T23:00:00+00:00,1125
2021-05-14T00:00:00+00:00,1126
2021-05-14T01:00:00+00:00,1127
2021-05-14T04:00:00+00:00,1126
2021-05-14T05:00:00+00:00,1125
2021-05-14T06:00:00+00:00,1125
2021-05-14T07:00:00+00:00,1126
2021-05-14T09:00:00+00:00,1126
2021-05-14T13:00:00+00:00,1126
2021-05-14T14:00:00+00:00,1129
2021-05-14T16:00:00+00:00,1130
2021-05-14T18:00:00+00:00,1128
2021-05-14T19:00:00+00:00,1129
2021-05-14T20:00:00+00:00,1128
2021-05-14T23:00:00+00:00,1129
2021-05-15T00:00:00+00:00,1131
2021-05-15T01:00:00+00:00,1130
2021-05-15T03:00:00+00:00,1129
2021-05-15T04:00:00+00:00,1130
2021-05-15T05:00:00+00:00,1132
2021-05-15T06:00:00+00:00,1131
2021-05-15T07:00:00+00:00,1130
2021-05-15T08:00:00+00:00,1130
2021-05-15T09:00:00+00:00,1130
2021-05-15T10:00:00+00:00,1130
2021-05-15T11:00:00+00:00,1130
2021-05-15T12:00:00+00:00,1128
2021-05-15T13:00:00+00:00,1126
2021-05-15T14:00:00+00:00,1122
2021-05-15T15:00:00+00:00,1125
2021-05-15T16:00:00+00:00,1125
2021-05-15T17:00:00+00:00,1126
2021-05-15T18:00:00+00:00,1126
2021-05-15T19:00:00+00:00,1123
2021-05-15T20:00:00+00:00,1123
2021-05-15T21:00:00+00:00,1120
2021-05-15T23:00:00+00:00,1119
2021-05-16T00:00:00+00:00,1120
2021-05-16T01:00:00+00:00,1119
2021-05-16T02:00:00+00:00,1120
2021-05-16T04:00:00+00:00,1121
2021-05-16T05:00:00+00:00,1122
2021-05-16T06:00:00+00:00,1123
2021-05-16T07:00:00+00:00,1120
2021-05-16T08:00:00+00:00,1118
2021-05-16T09:00:00+00:00,1115
2021-05-16T11:00:00+00:00,1114
2021-05-16T12:00:00+00:00,1115
2021-05-16T13:00:00+00:00,1116
2021-05-16T14:00:00+00:00,1118
2021-05-16T15:00:00+00:00,1119
2021-05-16T16:00:00+00:00,1119
2021-05-16T17:00:00+00:00,1120
2021-05-16T18:00:00+00:00,1119
2021-05-16T19:00:00+00:00,1118
2021-05-16T20:00:00+00:00,1117
2021-05-16T21:00:00+00:00,1116
2021-05-16T22:00:00+00:00,1118
2021-05-16T23:00:00+00:00,1120
2021-05-17T00:00:00+00:00,1121
2021-05-17T01:00:00+00:00,1119
2021-05-17T02:00:00+00:00,1119
2021-05-17T03:00:00+00:00,1116
2021-05-17T04:00:00+00:00,1113
2021-05-17T05:00:00+00:00,1112
2021-05-17T06:00:00+00:00,1108
2021-05-17T07:00:00+00:00,1095
2021-05-17T08:00:00+00:00,1094
2021-05-17T09:00:00+00:00,1091
2021-05-17T10:00:00+00:00,1088
2021-05-17T11:00:00+00:00,1085
2021-05-17T12:00:00+00:00,1079
2021-05-17T13:00:00+00:00,1080
2021-05-17T14:00:00+00:00,1080
2021-05-17T15:00:00+00:00,1083
2021-05-17T16:00:00+00:00,1077
2021-05-17T17:00:00+00:00,1068
2021-05-17T18:00:00+00:00,1069
2021-05-17T19:00:00+00:00,1071
2021-05-17T20:00:00+00:00,1070
2021-05-17T21:00:00+00:00,1072
2021-05-17T22:00:00+00:00,1070
2021-05-17T23:00:00+00:00,1068
2021-05-18T00:00:00+00:00,1067
2021-05-18T02:00:00+00:00,1068
2021-05-18T03:00:00+00:00,1069
2021-05-18T04:00:00+00:00,1066
2021-05-18T05:00:00+00:00,1063
2021-05-18T06:00:00+00:00,1066
2021-05-18T08:00:00+00:00,1065
2021-05-18T09:00:00+00:00,1066
2021-05-18T11:00:00+00:00,1069
2021-05-18T12:00:00+00:00,1070
2021-05-18T13:00:00+00:00,1069
2021-05-18T14:00:00+00:00,1071
2021-05-18T15:00:00+00:00,1074
2021-05-18T16:00:00+00:00,1069
2021-05-18T17:00:00+00:00,1071
2021-05-18T18:00:00+00:00,1071
2021-05-18T19:00:00+00:00,1067
2021-05-18T20:00:00+00:00,1064
2021-05-18T21:00:00+00:00,1058
2021-05-18T22:00:00+00:00,1056
2021-05-18T23:00:00+00:00,1055
2021-05-19T00:00:00+00:00,1054
2021-05-19T01:00:00+00:00,1054
2021-05-19T02:00:00+00:00,1054
2021-05-19T03:00:00+00:00,1052
2021-05-19T04:00:00+00:00,1050
2021-05-19T05:00:00+00:00,1050
2021-05-19T06:00:00+00:00,1045
2021-05-19T07:00:00+00:00,1044
2021-05-19T08:00:00+00:00,1041
2021-05-19T09:00:00+00:00,1042
2021-05-19T10:00:00+00:00,1039
2021-05-19T11:00:00+00:00,1035
2021-05-19T12:00:00+00:00,902
2021-05-19T13:00:00+00:00,694
2021-05-19T14:00:00+00:00,677
2021-05-19T15:00:00+00:00,676
2021-05-19T16:00:00+00:00,678
2021-05-19T17:00:00+00:00,678
2021-05-19T18:00:00+00:00,677
2021-05-19T19:00:00+00:00,653
2021-05-19T20:00:00+00:00,639
2021-05-19T21:00:00+00:00,626
2021-05-19T22:00:00+00:00,622
2021-05-19T23:00:00+00:00,623
2021-05-20T00:00:00+00:00,609
2021-05-20T01:00:00+00:00,597
2021-05-20T02:00:00+00:00,596
2021-05-20T03:00:00+00:00,592
2021-05-20T04:00:00+00:00,596
2021-05-20T05:00:00+00:00,592
2021-05-20T06:00:00+00:00,593
2021-05-20T07:00:00+00:00,594
2021-05-20T08:00:00+00:00,593
2021-05-20T09:00:00+00:00,594
2021-05-20T10:00:00+00:00,593
2021-05-20T11:00:00+00:00,596
2021-05-20T12:00:00+00:00,596
2021-05-20T13:00:00+00:00,597
2021-05-20T14:00:00+00:00,600
2021-05-20T15:00:00+00:00,602
2021-05-20T16:00:00+00:00,603
2021-05-20T17:00:00+00:00,604
2021-05-20T18:00:00+00:00,602
2021-05-20T19:00:00+00:00,604
2021-05-20T20:00:00+00:00,604
2021-05-20T21:00:00+00:00,606
2021-05-20T22:00:00+00:00,603
2021-05-20T23:00:00+00:00,607
2021-05-21T00:00:00+00:00,606
2021-05-21T01:00:00+00:00,607
2021-05-21T03:00:00+00:00,609
2021-05-21T04:00:00+00:00,607
2021-05-21T06:00:00+00:00,607
2021-05-21T07:00:00+00:00,606
2021-05-21T08:00:00+00:00,607
2021-05-21T09:00:00+00:00,607
2021-05-21T10:00:00+00:00,607
2021-05-21T11:00:00+00:00,609
2021-05-21T12:00:00+00:00,608
2021-05-21T13:00:00+00:00,610
2021-05-21T14:00:00+00:00,609
2021-05-21T15:00:00+00:00,606
2021-05-21T16:00:00+00:00,605
2021-05-21T17:00:00+00:00,606
2021-05-21T18:00:00+00:00,607
2021-05-21T19:00:00+00:00,604
2021-05-21T20:00:00+00:00,603
2021-05-21T21:00:00+00:00,600
2021-05-21T22:00:00+00:00,598
2021-05-21T23:00:00+00:00,595
2021-05-22T00:00:00+00:00,595
2021-05-22T01:00:00+00:00,594
2021-05-22T02:00:00+00:00,595
2021-05-22T04:00:00+00:00,597
2021-05-22T05:00:00+00:00,592
2021-05-22T06:00:00+00:00,585
2021-05-22T07:00:00+00:00,587
2021-05-22T08:00:00+00:00,591
2021-05-22T09:00:00+00:00,592
2021-05-22T10:00:00+00:00,594
2021-05-22T11:00:00+00:00,595
2021-05-22T12:00:00+00:00,594
2021-05-22T13:00:00+00:00,595
2021-05-22T14:00:00+00:00,596
2021-05-22T15:00:00+00:00,588
2021-05-22T16:00:00+00:00,590
2021-05-22T17:00:00+00:00,589
2021-05-22T18:00:00+00:00,586
2021-05-22T19:00:00+00:00,585
2021-05-22T20:00:00+00:00,586
2021-05-22T21:00:00+00:00,587
2021-05-22T22:00:00+00:00,587
2021-05-23T00:00:00+00:00,586
2021-05-23T03:00:00+00:00,587
2021-05-23T04:00:00+00:00,588
2021-05-23T05:00:00+00:00,587
2021-05-23T07:00:00+00:00,584
2021-05-23T09:00:00+00:00,585
2021-05-23T10:00:00+00:00,585
2021-05-23T11:00:00+00:00,581
2021-05-23T12:00:00+00:00,579
2021-05-23T13:00:00+00:00,579
2021-05-23T14:00:00+00:00,576
2021-05-23T15:00:00+00:00,571
2021-05-23T16:00:00+00:00,544
2021-05-23T17:00:00+00:00,523
2021-05-23T18:00:00+00:00,523
2021-05-23T19:00:00+00:00,496
2021-05-23T20:00:00+00:00,498
2021-05-23T21:00:00+00:00,499
2021-05-23T22:00:00+00:00,498
2021-05-23T23:00:00+00:00,496
2021-05-24T00:00:00+00:00,497
2021-05-24T01:00:00+00:00,495
2021-05-24T04:00:00+00:00,496
2021-05-24T05:00:00+00:00,497
2021-05-24T06:00:00+00:00,497
2021-05-24T08:00:00+00:00,499
2021-05-24T09:00:00+00:00,499
2021-05-24T11:00:00+00:00,502
2021-05-24T12:00:00+00:00,501
2021-05-24T15:00:00+00:00,502
2021-05-24T17:00:00+00:00,503
2021-05-24T18:00:00+00:00,502
2021-05-24T20:00:00+00:00,502
2021-05-24T21:00:00+00:00,503
2021-05-24T22:00:00+00:00,506
2021-05-24T23:00:00+00:00,507
2021-05-25T00:00:00+00:00,508
2021-05-25T01:00:00+00:00,505
2021-05-25T02:00:00+00:00,506
2021-05-25T03:00:00+00:00,507
2021-05-25T04:00:00+00:00,508
2021-05-25T05:00:00+00:00,511
2021-05-25T06:00:00+00:00,513
2021-05-25T08:00:00+00:00,513
2021-05-25T09:00:00+00:00,513
2021-05-25T10:00:00+00:00,514
2021-05-25T11:00:00+00:00,513
2021-05-25T12:00:00+00:00,512
2021-05-25T13:00:00+00:00,511
2021-05-25T15:00:00+00:00,510
2021-05-25T16:00:00+00:00,511
2021-05-25T17:00:00+00:00,513
2021-05-25T18:00:00+00:00,514
2021-05-25T19:00:00+00:00,517
2021-05-25T20:00:00+00:00,520
2021-05-25T22:00:00+00:00,521
2021-05-25T23:00:00+00:00,522
2021-05-26T00:00:00+00:00,524
2021-05-26T01:00:00+00:00,525
2021-05-26T02:00:00+00:00,526
2021-05-26T05:00:00+00:00,528
2021-05-26T06:00:00+00:00,529
2021-05-26T07:00:00+00:00,532
2021-05-26T08:00:00+00:00,532
2021-05-26T11:00:00+00:00,533
2021-05-26T12:00:00+00:00,535
2021-05-26T15:00:00+00:00,536
2021-05-26T16:00:00+00:00,534
2021-05-26T17:00:00+00:00,537
2021-05-26T19:00:00+00:00,538
2021-05-26T20:00:00+00:00,539
2021-05-26T22:00:00+00:00,543
2021-05-26T23:00:00+00:00,546
2021-05-27T00:00:00+00:00,547
2021-05-27T01:00:00+00:00,549
2021-05-27T02:00:00+00:00,551
2021-05-27T03:00:00+00:00,556
2021-05-27T04:00:00+00:00,555
2021-05-27T05:00:00+00:00,555
2021-05-27T06:00:00+00:00,559
2021-05-27T07:00:00+00:00,562
2021-05-27T08:00:00+00:00,564
2021-05-27T09:00:00+00:00,568
2021-05-27T10:00:00+00:00,567
2021-05-27T11:00:00+00:00,570
2021-05-27T12:00:00+00:00,572
2021-05-27T13:00:00+00:00,574
2021-05-27T14:00:00+00:00,575
2021-05-27T16:00:00+00:00,578
2021-05-27T17:00:00+00:00,581
2021-05-27T18:00:00+00:00,583
2021-05-27T19:00:00+00:00,586
2021-05-27T20:00:00+00:00,588
2021-05-27T21:00:00+00:00,589
2021-05-27T22:00:00+00:00,590
2021-05-27T23:00:00+00:00,591
2021-05-28T00:00:00+00:00,592
2021-05-28T01:00:00+00:00,592
2021-05-28T03:00:00+00:00,593
2021-05-28T04:00:00+00:00,595
2021-05-28T05:00:00+00:00,595
2021-05-28T06:00:00+00:00,599
2021-05-28T07:00:00+00:00,599
2021-05-28T08:00:00+00:00,600
2021-05-28T09:00:00+00:00,601
2021-05-28T10:00:00+00:00,602
2021-05-28T11:00:00+00:00,605
2021-05-28T12:00:00+00:00,606
2021-05-28T14:00:00+00:00,609
2021-05-28T15:00:00+00:00,609
2021-05-28T16:00:00+00:00,608
2021-05-28T17:00:00+00:00,607
2021-05-28T18:00:00+00:00,608
2021-05-28T19:00:00+00:00,610
2021-05-28T20:00:00+00:00,611
2021-05-28T21:00:00+00:00,612
2021-05-28T22:00:00+00:00,612
2021-05-28T23:00:00+00:00,615
2021-05-29T00:00:00+00:00,616
2021-05-29T02:00:00+00:00,620
2021-05-29T03:00:00+00:00,621
2021-05-29T04:00:00+00:00,622
2021-05-29T05:00:00+00:00,623
2021-05-29T07:00:00+00:00,622
2021-05-29T08:00:00+00:00,623
2021-05-29T09:00:00+00:00,622
2021-05-29T10:00:00+00:00,623
2021-05-29T11:00:00+00:00,624
2021-05-29T12:00:00+00:00,625
2021-05-29T13:00:00+00:00,624
2021-05-29T14:00:00+00:00,624
2021-05-29T16:00:00+00:00,626
2021-05-29T17:00:00+00:00,627
2021-05-29T18:00:00+00:00,626
2021-05-29T19:00:00+00:00,627
2021-05-29T20:00:00+00:00,629
2021-05-29T21:00:00+00:00,630
2021-05-29T22:00:00+00:00,628
2021-05-29T23:00:00+00:00,628
2021-05-30T00:00:00+00:00,628
2021-05-30T01:00:00+00:00,628
2021-05-30T02:00:00+00:00,630
2021-05-30T04:00:00+00:00,631
2021-05-30T05:00:00+00:00,633
2021-05-30T06:00:00+00:00,634
2021-05-30T07:00:00+00:00,637
2021-05-30T09:00:00+00:00,639
2021-05-30T10:00:00+00:00,641
2021-05-30T11:00:00+00:00,642
2021-05-30T12:00:00+00:00,643
2021-05-30T13:00:00+00:00,646
2021-05-30T14:00:00+00:00,647
2021-05-30T15:00:00+00:00,648
2021-05-30T16:00:00+00:00,652
2021-05-30T17:00:00+00:00,654
2021-05-30T19:00:00+00:00,656
2021-05-30T20:00:00+00:00,658
2021-05-30T21:00:00+00:00,660
2021-05-30T22:00:00+00:00,661
2021-05-30T23:00:00+00:00,664
2021-05-31T00:00:00+00:00,666
2021-05-31T01:00:00+00:00,668
2021-05-31T02:00:00+00:00,669
2021-05-31T03:00:00+00:00,670
2021-05-31T04:00:00+00:00,672
2021-05-31T05:00:00+00:00,673
2021-05-31T07:00:00+00:00,675
2021-05-31T08:00:00+00:00,677
2021-05-31T10:00:00+00:00,677
2021-05-31T11:00:00+00:00,678
2021-05-31T12:00:00+00:00,680
2021-05-31T13:00:00+00:00,681
2021-05-31T14:00:00+00:00,682
2021-05-31T16:00:00+00:00,682
2021-05-31T17:00:00+00:00,681
2021-05-31T18:00:00+00:00,683
2021-05-31T19:00:00+00:00,683
2021-05-31T20:00:00+00:00,684
2021-05-31T21:00:00+00:00,685
2021-05-31T22:00:00+00:00,689
2021-05-31T23:00:00+00:00,690
2021-06-01T02:00:00+00:00,691
2021-06-01T03:00:00+00:00,691
2021-06-01T05:00:00+00:00,691
2021-06-01T06:00:00+00:00,690
2021-06-01T07:00:00+00:00,691
2021-06-01T09:00:00+00:00,692
2021-06-01T10:00:00+00:00,695
2021-06-01T11:00:00+00:00,696
2021-06-01T12:00:00+00:00,698
2021-06-01T13:00:00+00:00,699
2021-06-01T14:00:00+00:00,700
2021-06-01T15:00:00+00:00,701
2021-06-01T16:00:00+00:00,702
2021-06-01T17:00:00+00:00,703
2021-06-01T20:00:00+00:00,704
2021-06-01T21:00:00+00:00,706
2021-06-01T23:00:00+00:00,708
2021-06-02T00:00:00+00:00,709
2021-06-02T01:00:00+00:00,708
2021-06-02T02:00:00+00:00,705
2021-06-02T03:00:00+00:00,708
2021-06-02T05:00:00+00:00,707
2021-06-02T06:00:00+00:00,708
2021-06-02T08:00:00+00:00,709
2021-06-02T10:00:00+00:00,710
2021-06-02T11:00:00+00:00,709
2021-06-02T12:00:00+00:00,712
2021-06-02T13:00:00+00:00,714
2021-06-02T14:00:00+00:00,716
2021-06-02T15:00:00+00:00,717
2021-06-02T16:00:00+00:00,719
2021-06-02T17:00:00+00:00,720
2021-06-02T18:00:00+00:00,721
2021-06-02T19:00:00+00:00,723
2021-06-02T20:00:00+00:00,725
2021-06-02T21:00:00+00:00,725
2021-06-02T22:00:00+00:00,727
2021-06-02T23:00:00+00:00,728
2021-06-03T01:00:00+00:00,729
2021-06-03T02:00:00+00:00,730
2021-06-03T03:00:00+00:00,731
2021-06-03T04:00:00+00:00,732
2021-06-03T07:00:00+00:00,733
2021-06-03T08:00:00+00:00,734
2021-06-03T09:00:00+00:00,736
2021-06-03T10:00:00+00:00,740
2021-06-03T11:00:00+00:00,740
2021-06-03T12:00:00+00:00,741
2021-06-03T14:00:00+00:00,742
2021-06-03T15:00:00+00:00,742
2021-06-03T16:00:00+00:00,743
2021-06-03T17:00:00+00:00,744
2021-06-03T18:00:00+00:00,743
2021-06-03T19:00:00+00:00,744
2021-06-03T20:00:00+00:00,747
2021-06-03T21:00:00+00:00,748
2021-06-03T22:00:00+00:00,749
2021-06-03T23:00:00+00:00,748
2021-06-04T00:00:00+00:00,749
2021-06-04T02:00:00+00:00,750
2021-06-04T03:00:00+00:00,752
2021-06-04T04:00:00+00:00,753
2021-06-04T05:00:00+00:00,753
2021-06-04T08:00:00+00:00,753
2021-06-04T11:00:00+00:00,755
2021-06-04T12:00:00+00:00,759
2021-06-04T13:00:00+00:00,760
2021-06-04T14:00:00+00:00,761
2021-06-04T15:00:00+00:00,763
2021-06-04T16:00:00+00:00,764
2021-06-04T17:00:00+00:00,764
2021-06-04T18:00:00+00:00,766
2021-06-04T19:00:00+00:00,767
2021-06-04T21:00:00+00:00,766
2021-06-04T22:00:00+00:00,765
2021-06-04T23:00:00+00:00,766
2021-06-05T03:00:00+00:00,767
2021-06-05T04:00:00+00:00,768
2021-06-05T06:00:00+00:00,772
2021-06-05T07:00:00+00:00,773
2021-06-05T09:00:00+00:00,775
2021-06-05T10:00:00+00:00,775
2021-06-05T11:00:00+00:00,776
2021-06-05T12:00:00+00:00,775
2021-06-05T14:00:00+00:00,774
2021-06-05T15:00:00+00:00,773
2021-06-05T16:00:00+00:00,774
2021-06-05T17:00:00+00:00,775
2021-06-05T18:00:00+00:00,774
2021-06-05T19:00:00+00:00,775
2021-06-05T20:00:00+00:00,776
2021-06-05T21:00:00+00:00,777
2021-06-06T00:00:00+00:00,778
2021-06-06T02:00:00+00:00,779
2021-06-06T03:00:00+00:00,780
2021-06-06T04:00:00+00:00,781
2021-06-06T06:00:00+00:00,783
2021-06-06T09:00:00+00:00,784
2021-06-06T10:00:00+00:00,784
2021-06-06T11:00:00+00:00,785
2021-06-06T12:00:00+00:00,783
2021-06-06T13:00:00+00:00,786
2021-06-06T14:00:00+00:00,784
2021-06-06T15:00:00+00:00,785
2021-06-06T16:00:00+00:00,787
2021-06-06T17:00:00+00:00,788
2021-06-06T18:00:00+00:00,790
2021-06-06T19:00:00+00:00,791
2021-06-06T21:00:00+00:00,793
2021-06-06T22:00:00+00:00,796
2021-06-07T02:00:00+00:00,797
2021-06-07T03:00:00+00:00,798
2021-06-07T04:00:00+00:00,802
2021-06-07T06:00:00+00:00,804
2021-06-07T07:00:00+00:00,803
2021-06-07T08:00:00+00:00,804
2021-06-07T09:00:00+00:00,804
2021-06-07T10:00:00+00:00,805
2021-06-07T13:00:00+00:00,805
2021-06-07T14:00:00+00:00,806
2021-06-07T15:00:00+00:00,807
2021-06-07T16:00:00+00:00,807
2021-06-07T18:00:00+00:00,805
2021-06-07T19:00:00+00:00,806
2021-06-07T20:00:00+00:00,807
2021-06-07T22:00:00+00:00,806
2021-06-08T00:00:00+00:00,807
2021-06-08T02:00:00+00:00,808
2021-06-08T03:00:00+00:00,808
2021-06-08T04:00:00+00:00,807
2021-06-08T05:00:00+00:00,808
2021-06-08T08:00:00+00:00,809
2021-06-08T09:00:00+00:00,810
2021-06-08T11:00:00+00:00,811
2021-06-08T12:00:00+00:00,810
2021-06-08T13:00:00+00:00,809
2021-06-08T14:00:00+00:00,807
2021-06-08T15:00:00+00:00,806
2021-06-08T16:00:00+00:00,805
2021-06-08T18:00:00+00:00,804
2021-06-08T19:00:00+00:00,805
2021-06-08T20:00:00+00:00,802
2021-06-08T21:00:00+00:00,804
2021-06-08T22:00:00+00:00,807
2021-06-08T23:00:00+00:00,808
2021-06-09T02:00:00+00:00,808
2021-06-09T03:00:00+00:00,809
2021-06-09T04:00:00+00:00,808
2021-06-09T07:00:00+00:00,807
2021-06-09T10:00:00+00:00,808
2021-06-09T11:00:00+00:00,809
2021-06-09T12:00:00+00:00,810
2021-06-09T13:00:00+00:00,811
2021-06-09T14:00:00+00:00,813
2021-06-09T15:00:00+00:00,814
2021-06-09T16:00:00+00:00,815
2021-06-09T17:00:00+00:00,816
2021-06-09T18:00:00+00:00,819
2021-06-09T19:00:00+00:00,822
2021-06-09T21:00:00+00:00,823
2021-06-09T22:00:00+00:00,824
2021-06-09T23:00:00+00:00,826
2021-06-10T00:00:00+00:00,827
2021-06-10T03:00:00+00:00,826
2021-06-10T04:00:00+00:00,825
2021-06-10T06:00:00+00:00,824
2021-06-10T09:00:00+00:00,827
2021-06-10T10:00:00+00:00,827
2021-06-10T11:00:00+00:00,829
2021-06-10T17:00:00+00:00,828
2021-06-10T18:00:00+00:00,828
2021-06-10T19:00:00+00:00,828
2021-06-10T20:00:00+00:00,829
2021-06-10T22:00:00+00:00,830
2021-06-10T23:00:00+00:00,831
2021-06-11T00:00:00+00:00,832
2021-06-11T01:00:00+00:00,831
2021-06-11T05:00:00+00:00,834
2021-06-11T06:00:00+00:00,835
2021-06-11T07:00:00+00:00,834
2021-06-11T09:00:00+00:00,831
2021-06-11T10:00:00+00:00,832
2021-06-11T13:00:00+00:00,831
2021-06-11T14:00:00+00:00,833
2021-06-11T17:00:00+00:00,832
2021-06-11T18:00:00+00:00,832
2021-06-11T19:00:00+00:00,834
2021-06-11T20:00:00+00:00,833
2021-06-11T21:00:00+00:00,832
2021-06-11T22:00:00+00:00,831
2021-06-12T01:00:00+00:00,832
2021-06-12T03:00:00+00:00,829
2021-06-12T04:00:00+00:00,830
2021-06-12T05:00:00+00:00,830
2021-06-12T06:00:00+00:00,831
2021-06-12T07:00:00+00:00,832
2021-06-12T08:00:00+00:00,832
2021-06-12T12:00:00+00:00,831
2021-06-12T13:00:00+00:00,832
2021-06-12T14:00:00+00:00,832
2021-06-12T18:00:00+00:00,833
2021-06-12T20:00:00+00:00,831
2021-06-12T21:00:00+00:00,830
2021-06-12T23:00:00+00:00,829
2021-06-13T00:00:00+00:00,828
2021-06-13T02:00:00+00:00,828
2021-06-13T03:00:00+00:00,829
2021-06-13T04:00:00+00:00,830
2021-06-13T07:00:00+00:00,829
2021-06-13T08:00:00+00:00,829
2021-06-13T11:00:00+00:00,831
2021-06-13T13:00:00+00:00,832
2021-06-13T14:00:00+00:00,832
2021-06-13T16:00:00+00:00,832
2021-06-13T17:00:00+00:00,833
2021-06-13T18:00:00+00:00,834
2021-06-13T19:00:00+00:00,836
2021-06-13T20:00:00+00:00,839
2021-06-13T21:00:00+00:00,839
2021-06-13T22:00:00+00:00,839
2021-06-13T23:00:00+00:00,838
2021-06-14T00:00:00+00:00,837
2021-06-14T01:00:00+00:00,838
2021-06-14T03:00:00+00:00,839
2021-06-14T06:00:00+00:00,840
2021-06-14T09:00:00+00:00,841
2021-06-14T10:00:00+00:00,842
2021-06-14T11:00:00+00:00,844
2021-06-14T12:00:00+00:00,845
2021-06-14T16:00:00+00:00,847
2021-06-14T18:00:00+00:00,848
2021-06-14T19:00:00+00:00,850
2021-06-14T20:00:00+00:00,851
2021-06-14T21:00:00+00:00,851
2021-06-14T22:00:00+00:00,850
2021-06-14T23:00:00+00:00,851
2021-06-15T01:00:00+00:00,852
2021-06-15T02:00:00+00:00,850
2021-06-15T03:00:00+00:00,847
2021-06-15T04:00:00+00:00,848
2021-06-15T05:00:00+00:00,845
2021-06-15T07:00:00+00:00,847
2021-06-15T09:00:00+00:00,849
2021-06-15T10:00:00+00:00,850
2021-06-15T12:00:00+00:00,850
2021-06-15T13:00:00+00:00,847
2021-06-15T18:00:00+00:00,847
2021-06-15T19:00:00+00:00,848
2021-06-15T20:00:00+00:00,849
2021-06-15T21:00:00+00:00,849
2021-06-15T22:00:00+00:00,850
2021-06-15T23:00:00+00:00,851
2021-06-16T00:00:00+00:00,849
2021-06-16T01:00:00+00:00,850
2021-06-16T02:00:00+00:00,849
2021-06-16T03:00:00+00:00,848
2021-06-16T05:00:00+00:00,849
2021-06-16T10:00:00+00:00,848
2021-06-16T12:00:00+00:00,846
2021-06-16T13:00:00+00:00,845
2021-06-16T16:00:00+00:00,846
2021-06-16T17:00:00+00:00,847
2021-06-16T18:00:00+00:00,845
2021-06-16T19:00:00+00:00,845
2021-06-16T20:00:00+00:00,847
2021-06-16T22:00:00+00:00,847
2021-06-16T23:00:00+00:00,846
2021-06-17T00:00:00+00:00,847
2021-06-17T03:00:00+00:00,849
2021-06-17T04:00:00+00:00,850
2021-06-17T05:00:00+00:00,849
2021-06-17T06:00:00+00:00,848
2021-06-17T07:00:00+00:00,849
2021-06-17T12:00:00+00:00,850
2021-06-17T13:00:00+00:00,851
2021-06-17T16:00:00+00:00,850
2021-06-17T17:00:00+00:00,850
2021-06-17T18:00:00+00:00,849
2021-06-18T06:00:00+00:00,850
2021-06-18T07:00:00+00:00,849
2021-06-18T08:00:00+00:00,850
2021-06-18T09:00:00+00:00,850
2021-06-18T10:00:00+00:00,849
2021-06-18T11:00:00+00:00,850
2021-06-18T12:00:00+00:00,850
2021-06-18T14:00:00+00:00,849
2021-06-18T15:00:00+00:00,848
2021-06-18T17:00:00+00:00,846
2021-06-18T18:00:00+00:00,847
2021-06-18T20:00:00+00:00,845
2021-06-18T21:00:00+00:00,846
2021-06-18T22:00:00+00:00,845
2021-06-19T02:00:00+00:00,846
2021-06-19T03:00:00+00:00,847
2021-06-19T04:00:00+00:00,847
2021-06-19T05:00:00+00:00,847
2021-06-19T07:00:00+00:00,848
2021-06-19T08:00:00+00:00,849
2021-06-19T12:00:00+00:00,850
2021-06-19T13:00:00+00:00,850
2021-06-19T14:00:00+00:00,851
2021-06-19T17:00:00+00:00,851
2021-06-19T18:00:00+00:00,848
2021-06-20T01:00:00+00:00,847
2021-06-20T03:00:00+00:00,850
2021-06-20T04:00:00+00:00,850
2021-06-20T06:00:00+00:00,852
2021-06-20T08:00:00+00:00,851
2021-06-20T09:00:00+00:00,852
2021-06-20T11:00:00+00:00,851
2021-06-20T12:00:00+00:00,852
2021-06-20T13:00:00+00:00,840
2021-06-20T14:00:00+00:00,838
2021-06-20T15:00:00+00:00,838
2021-06-20T16:00:00+00:00,837
2021-06-20T18:00:00+00:00,839
2021-06-20T19:00:00+00:00,840
2021-06-20T20:00:00+00:00,841
2021-06-20T21:00:00+00:00,842
2021-06-20T23:00:00+00:00,841
2021-06-21T00:00:00+00:00,842
2021-06-21T01:00:00+00:00,843
2021-06-21T02:00:00+00:00,844
2021-06-21T04:00:00+00:00,845
2021-06-21T06:00:00+00:00,842
2021-06-21T08:00:00+00:00,841
2021-06-21T09:00:00+00:00,840
2021-06-21T10:00:00+00:00,839
2021-06-21T11:00:00+00:00,831
2021-06-21T12:00:00+00:00,830
2021-06-21T13:00:00+00:00,831
2021-06-21T15:00:00+00:00,832
2021-06-21T16:00:00+00:00,831
2021-06-21T17:00:00+00:00,829
2021-06-21T18:00:00+00:00,831
2021-06-21T19:00:00+00:00,832
2021-06-21T21:00:00+00:00,832
2021-06-21T22:00:00+00:00,827
2021-06-22T00:00:00+00:00,824
2021-06-22T01:00:00+00:00,823
2021-06-22T03:00:00+00:00,824
2021-06-22T04:00:00+00:00,822
2021-06-22T06:00:00+00:00,822
2021-06-22T07:00:00+00:00,821
2021-06-22T09:00:00+00:00,820
2021-06-22T10:00:00+00:00,816
2021-06-22T12:00:00+00:00,812
2021-06-22T13:00:00+00:00,807
2021-06-22T14:00:00+00:00,807
2021-06-22T15:00:00+00:00,803
2021-06-22T16:00:00+00:00,804
2021-06-22T17:00:00+00:00,805
2021-06-22T18:00:00+00:00,806
2021-06-22T19:00:00+00:00,804
2021-06-22T20:00:00+00:00,804
2021-06-22T21:00:00+00:00,803
2021-06-22T23:00:00+00:00,804
2021-06-23T00:00:00+00:00,805
2021-06-23T02:00:00+00:00,808
2021-06-23T04:00:00+00:00,809
2021-06-23T05:00:00+00:00,809
2021-06-23T09:00:00+00:00,810
2021-06-23T11:00:00+00:00,812
2021-06-23T13:00:00+00:00,812
2021-06-23T14:00:00+00:00,813
2021-06-23T16:00:00+00:00,815
2021-06-23T18:00:00+00:00,814
2021-06-23T20:00:00+00:00,812
2021-06-23T21:00:00+00:00,814
2021-06-23T22:00:00+00:00,815
2021-06-24T02:00:00+00:00,814
2021-06-24T04:00:00+00:00,814
2021-06-24T05:00:00+00:00,813
2021-06-24T06:00:00+00:00,813
2021-06-24T10:00:00+00:00,814
2021-06-24T16:00:00+00:00,813
2021-06-24T17:00:00+00:00,812
2021-06-25T00:00:00+00:00,811
2021-06-25T01:00:00+00:00,812
2021-06-25T02:00:00+00:00,813
2021-06-25T03:00:00+00:00,814
2021-06-25T04:00:00+00:00,815
2021-06-25T07:00:00+00:00,814
2021-06-25T08:00:00+00:00,814
2021-06-25T09:00:00+00:00,812
2021-06-25T12:00:00+00:00,813
2021-06-25T14:00:00+00:00,812
2021-06-25T15:00:00+00:00,811
2021-06-25T16:00:00+00:00,812
2021-06-25T17:00:00+00:00,811
2021-06-25T18:00:00+00:00,812
2021-06-25T19:00:00+00:00,813
2021-06-25T21:00:00+00:00,814
2021-06-25T22:00:00+00:00,815
2021-06-25T23:00:00+00:00,815
2021-06-26T02:00:00+00:00,816
2021-06-26T03:00:00+00:00,815
2021-06-26T05:00:00+00:00,816
2021-06-26T07:00:00+00:00,817
2021-06-26T08:00:00+00:00,815
2021-06-26T09:00:00+00:00,814
2021-06-26T10:00:00+00:00,815
2021-06-26T11:00:00+00:00,814
2021-06-26T12:00:00+00:00,813
2021-06-26T13:00:00+00:00,813
2021-06-26T14:00:00+00:00,812
2021-06-26T15:00:00+00:00,810
2021-06-26T16:00:00+00:00,811
2021-06-26T17:00:00+00:00,810
2021-06-26T18:00:00+00:00,811
2021-06-26T19:00:00+00:00,810
2021-06-26T20:00:00+00:00,809
2021-06-26T21:00:00+00:00,807
2021-06-26T22:00:00+00:00,808
2021-06-26T23:00:00+00:00,809
2021-06-27T00:00:00+00:00,808
2021-06-27T03:00:00+00:00,809
2021-06-27T06:00:00+00:00,809
2021-06-27T14:00:00+00:00,810
2021-06-27T15:00:00+00:00,809
2021-06-27T18:00:00+00:00,810
2021-06-27T22:00:00+00:00,812
2021-06-28T02:00:00+00:00,813
2021-06-28T04:00:00+00:00,815
2021-06-28T06:00:00+00:00,817
2021-06-28T09:00:00+00:00,818
2021-06-28T13:00:00+00:00,817
2021-06-28T15:00:00+00:00,818
2021-06-28T16:00:00+00:00,818
2021-06-28T18:00:00+00:00,818
2021-06-28T19:00:00+00:00,821
2021-06-28T21:00:00+00:00,824
2021-06-28T22:00:00+00:00,824
2021-06-29T01:00:00+00:00,825
2021-06-29T03:00:00+00:00,825
2021-06-29T06:00:00+00:00,824
2021-06-29T10:00:00+00:00,825
2021-06-29T11:00:00+00:00,826
2021-06-29T13:00:00+00:00,827
2021-06-29T14:00:00+00:00,827
2021-06-29T15:00:00+00:00,829
2021-06-29T16:00:00+00:00,831
2021-06-29T18:00:00+00:00,834
2021-06-29T20:00:00+00:00,832
2021-06-29T21:00:00+00:00,833
2021-06-29T23:00:00+00:00,837
2021-06-30T00:00:00+00:00,839
2021-06-30T01:00:00+00:00,838
2021-06-30T02:00:00+00:00,839
2021-06-30T03:00:00+00:00,839
2021-06-30T04:00:00+00:00,840
2021-06-30T06:00:00+00:00,842
2021-06-30T08:00:00+00:00,844
2021-06-30T09:00:00+00:00,845
2021-06-30T10:00:00+00:00,843
2021-06-30T12:00:00+00:00,843
2021-06-30T13:00:00+00:00,844
2021-06-30T14:00:00+00:00,845
2021-06-30T15:00:00+00:00,846
2021-06-30T17:00:00+00:00,845
2021-06-30T18:00:00+00:00,846
2021-06-30T19:00:00+00:00,848
2021-06-30T20:00:00+00:00,849
2021-06-30T21:00:00+00:00,850
2021-06-30T22:00:00+00:00,851
2021-07-01T02:00:00+00:00,849
2021-07-01T03:00:00+00:00,851
2021-07-01T06:00:00+00:00,853
2021-07-01T07:00:00+00:00,854
2021-07-01T14:00:00+00:00,853
2021-07-01T16:00:00+00:00,852
2021-07-01T18:00:00+00:00,853
2021-07-01T20:00:00+00:00,852
2021-07-01T22:00:00+00:00,853
2021-07-02T01:00:00+00:00,854
2021-07-02T02:00:00+00:00,855
2021-07-02T03:00:00+00:00,857
2021-07-02T08:00:00+00:00,857
2021-07-02T09:00:00+00:00,858
2021-07-02T11:00:00+00:00,857
2021-07-02T12:00:00+00:00,856
2021-07-02T13:00:00+00:00,859
2021-07-02T19:00:00+00:00,861
2021-07-02T22:00:00+00:00,862
2021-07-02T23:00:00+00:00,861
2021-07-03T01:00:00+00:00,862
2021-07-03T02:00:00+00:00,869
2021-07-03T05:00:00+00:00,869
2021-07-03T06:00:00+00:00,870
2021-07-03T07:00:00+00:00,871
2021-07-03T08:00:00+00:00,872
2021-07-03T11:00:00+00:00,873
2021-07-03T12:00:00+00:00,874
2021-07-03T16:00:00+00:00,875
2021-07-03T22:00:00+00:00,876
2021-07-03T23:00:00+00:00,876
2021-07-04T03:00:00+00:00,877
2021-07-04T05:00:00+00:00,877
2021-07-04T08:00:00+00:00,879
2021-07-04T09:00:00+00:00,880
2021-07-04T13:00:00+00:00,881
2021-07-04T15:00:00+00:00,882
2021-07-04T19:00:00+00:00,883
2021-07-04T20:00:00+00:00,882
2021-07-04T21:00:00+00:00,883
2021-07-04T22:00:00+00:00,886
2021-07-04T23:00:00+00:00,885
2021-07-05T02:00:00+00:00,884
2021-07-05T03:00:00+00:00,884
2021-07-05T04:00:00+00:00,885
2021-07-05T05:00:00+00:00,887
2021-07-05T07:00:00+00:00,888
2021-07-05T08:00:00+00:00,887
2021-07-05T09:00:00+00:00,888
2021-07-05T10:00:00+00:00,887
2021-07-05T13:00:00+00:00,889
2021-07-05T15:00:00+00:00,890
2021-07-05T17:00:00+00:00,889
2021-07-05T19:00:00+00:00,890
2021-07-05T23:00:00+00:00,891
2021-07-06T01:00:00+00:00,890
2021-07-06T02:00:00+00:00,891
2021-07-06T03:00:00+00:00,891
2021-07-06T04:00:00+00:00,892
2021-07-06T05:00:00+00:00,893
2021-07-06T09:00:00+00:00,894
2021-07-06T13:00:00+00:00,895
2021-07-06T16:00:00+00:00,896
2021-07-06T17:00:00+00:00,897
2021-07-06T18:00:00+00:00,899
2021-07-06T20:00:00+00:00,898
2021-07-07T04:00:00+00:00,899
2021-07-07T05:00:00+00:00,900
2021-07-07T06:00:00+00:00,902
2021-07-07T09:00:00+00:00,894
2021-07-07T10:00:00+00:00,896
2021-07-07T11:00:00+00:00,895
2021-07-07T14:00:00+00:00,894
2021-07-07T17:00:00+00:00,895
2021-07-07T18:00:00+00:00,896
2021-07-07T20:00:00+00:00,896
2021-07-08T02:00:00+00:00,897
2021-07-08T05:00:00+00:00,897
2021-07-08T06:00:00+00:00,898
2021-07-08T07:00:00+00:00,897
2021-07-08T10:00:00+00:00,897
2021-07-08T14:00:00+00:00,897
2021-07-08T15:00:00+00:00,898
2021-07-08T16:00:00+00:00,897
2021-07-08T17:00:00+00:00,896
2021-07-08T19:00:00+00:00,898
2021-07-08T23:00:00+00:00,899
2021-07-09T00:00:00+00:00,900
2021-07-09T13:00:00+00:00,901
2021-07-09T14:00:00+00:00,902
2021-07-09T19:00:00+00:00,903
2021-07-09T21:00:00+00:00,904
2021-07-09T22:00:00+00:00,905
2021-07-09T23:00:00+00:00,908
2021-07-10T00:00:00+00:00,907
2021-07-10T01:00:00+00:00,906
2021-07-10T04:00:00+00:00,908
2021-07-10T07:00:00+00:00,907
2021-07-10T09:00:00+00:00,908
2021-07-10T10:00:00+00:00,910
2021-07-10T11:00:00+00:00,911
2021-07-10T13:00:00+00:00,910
2021-07-10T19:00:00+00:00,911
2021-07-10T21:00:00+00:00,911
2021-07-10T23:00:00+00:00,913
2021-07-11T01:00:00+00:00,914
2021-07-11T04:00:00+00:00,913
2021-07-11T07:00:00+00:00,914
2021-07-11T09:00:00+00:00,916
2021-07-11T11:00:00+00:00,917
2021-07-11T14:00:00+00:00,918
2021-07-11T15:00:00+00:00,917
2021-07-11T18:00:00+00:00,918
2021-07-11T19:00:00+00:00,919
2021-07-12T00:00:00+00:00,920
2021-07-12T03:00:00+00:00,919
2021-07-12T05:00:00+00:00,920
2021-07-12T07:00:00+00:00,921
2021-07-12T11:00:00+00:00,922
2021-07-12T15:00:00+00:00,923
2021-07-12T16:00:00+00:00,921
2021-07-12T20:00:00+00:00,922
2021-07-12T21:00:00+00:00,924
2021-07-13T02:00:00+00:00,925
2021-07-13T07:00:00+00:00,926
2021-07-13T09:00:00+00:00,927
2021-07-13T12:00:00+00:00,926
2021-07-13T13:00:00+00:00,925
2021-07-13T14:00:00+00:00,924
2021-07-13T15:00:00+00:00,925
2021-07-13T19:00:00+00:00,925
2021-07-13T20:00:00+00:00,925
2021-07-13T21:00:00+00:00,924
2021-07-14T03:00:00+00:00,925
2021-07-14T10:00:00+00:00,926
2021-07-14T11:00:00+00:00,927
2021-07-14T14:00:00+00:00,930
2021-07-14T16:00:00+00:00,931
2021-07-14T20:00:00+00:00,930
2021-07-14T22:00:00+00:00,929
2021-07-15T00:00:00+00:00,928
2021-07-15T01:00:00+00:00,927
2021-07-15T03:00:00+00:00,928
2021-07-15T07:00:00+00:00,929
2021-07-15T19:00:00+00:00,930
2021-07-16T03:00:00+00:00,931
2021-07-16T04:00:00+00:00,932
2021-07-16T05:00:00+00:00,931
2021-07-16T07:00:00+00:00,931
2021-07-16T08:00:00+00:00,932
2021-07-16T10:00:00+00:00,931
2021-07-16T11:00:00+00:00,932
2021-07-16T13:00:00+00:00,931
2021-07-16T17:00:00+00:00,930
2021-07-16T20:00:00+00:00,931
2021-07-17T03:00:00+00:00,930
2021-07-17T04:00:00+00:00,929
2021-07-17T06:00:00+00:00,928
2021-07-17T09:00:00+00:00,928
2021-07-17T11:00:00+00:00,927
2021-07-17T13:00:00+00:00,928
2021-07-17T16:00:00+00:00,927
2021-07-17T19:00:00+00:00,928
2021-07-17T20:00:00+00:00,929
2021-07-18T11:00:00+00:00,930
2021-07-18T13:00:00+00:00,930
2021-07-18T15:00:00+00:00,931
2021-07-18T16:00:00+00:00,932
2021-07-18T20:00:00+00:00,933
2021-07-18T23:00:00+00:00,934
2021-07-19T03:00:00+00:00,936
2021-07-19T05:00:00+00:00,936
2021-07-19T09:00:00+00:00,935
2021-07-19T11:00:00+00:00,934
2021-07-19T13:00:00+00:00,933
2021-07-19T14:00:00+00:00,932
2021-07-19T16:00:00+00:00,933
2021-07-19T17:00:00+00:00,933
2021-07-19T19:00:00+00:00,934
2021-07-19T21:00:00+00:00,933
2021-07-20T00:00:00+00:00,934
2021-07-20T01:00:00+00:00,933
2021-07-20T04:00:00+00:00,931
2021-07-20T08:00:00+00:00,929
2021-07-20T09:00:00+00:00,929
2021-07-20T10:00:00+00:00,927
2021-07-20T11:00:00+00:00,925
2021-07-20T12:00:00+00:00,924
2021-07-20T13:00:00+00:00,922
2021-07-20T15:00:00+00:00,922
2021-07-20T17:00:00+00:00,923
2021-07-20T22:00:00+00:00,922
2021-07-21T00:00:00+00:00,921
2021-07-21T04:00:00+00:00,921
2021-07-21T05:00:00+00:00,922
2021-07-21T06:00:00+00:00,921
2021-07-21T09:00:00+00:00,923
2021-07-21T10:00:00+00:00,924
2021-07-21T12:00:00+00:00,923
2021-07-21T13:00:00+00:00,922
2021-07-21T15:00:00+00:00,921
2021-07-21T17:00:00+00:00,922
2021-07-21T23:00:00+00:00,923
2021-07-22T04:00:00+00:00,924
2021-07-22T05:00:00+00:00,923
2021-07-22T07:00:00+00:00,922
2021-07-22T11:00:00+00:00,923
2021-07-22T13:00:00+00:00,922
2021-07-22T15:00:00+00:00,923
2021-07-23T01:00:00+00:00,924
2021-07-23T03:00:00+00:00,923
2021-07-23T06:00:00+00:00,924
2021-07-23T07:00:00+00:00,925
2021-07-23T08:00:00+00:00,926
2021-07-23T11:00:00+00:00,927
2021-07-23T19:00:00+00:00,928
2021-07-23T21:00:00+00:00,927
2021-07-23T23:00:00+00:00,928
2021-07-24T02:00:00+00:00,927
2021-07-24T03:00:00+00:00,929
2021-07-24T07:00:00+00:00,928
2021-07-24T11:00:00+00:00,927
2021-07-24T13:00:00+00:00,927
2021-07-24T14:00:00+00:00,928
2021-07-24T15:00:00+00:00,929
2021-07-24T18:00:00+00:00,928
2021-07-24T19:00:00+00:00,927
2021-07-24T23:00:00+00:00,928
2021-07-25T03:00:00+00:00,929
2021-07-25T05:00:00+00:00,928
2021-07-25T10:00:00+00:00,929
2021-07-25T11:00:00+00:00,929
2021-07-25T17:00:00+00:00,930
2021-07-25T21:00:00+00:00,931
2021-07-26T00:00:00+00:00,932
2021-07-26T01:00:00+00:00,933
2021-07-26T02:00:00+00:00,934
2021-07-26T03:00:00+00:00,937
2021-07-26T04:00:00+00:00,936
2021-07-26T06:00:00+00:00,938
2021-07-26T07:00:00+00:00,937
2021-07-26T08:00:00+00:00,934
2021-07-26T12:00:00+00:00,935
2021-07-26T13:00:00+00:00,936
2021-07-26T15:00:00+00:00,937
2021-07-26T16:00:00+00:00,939
2021-07-26T19:00:00+00:00,940
2021-07-27T04:00:00+00:00,941
2021-07-27T09:00:00+00:00,942
2021-07-27T11:00:00+00:00,943
2021-07-27T23:00:00+00:00,945
2021-07-28T02:00:00+00:00,947
2021-07-28T07:00:00+00:00,948
2021-07-28T09:00:00+00:00,949
2021-07-28T10:00:00+00:00,950
2021-07-28T11:00:00+00:00,950
2021-07-28T12:00:00+00:00,951
2021-07-29T01:00:00+00:00,950
2021-07-29T02:00:00+00:00,949
2021-07-29T05:00:00+00:00,950
2021-07-29T06:00:00+00:00,949
2021-07-29T09:00:00+00:00,948
2021-07-29T13:00:00+00:00,949
2021-07-29T14:00:00+00:00,948
2021-07-29T15:00:00+00:00,949
2021-07-29T17:00:00+00:00,950
2021-07-29T19:00:00+00:00,950
2021-07-29T21:00:00+00:00,951
2021-07-29T22:00:00+00:00,952
2021-07-30T03:00:00+00:00,953
2021-07-30T05:00:00+00:00,955
2021-07-30T07:00:00+00:00,956
2021-07-30T08:00:00+00:00,957
2021-07-30T11:00:00+00:00,958
2021-07-30T12:00:00+00:00,957
2021-07-30T15:00:00+00:00,958
2021-07-30T17:00:00+00:00,959
2021-07-30T19:00:00+00:00,960
2021-07-30T20:00:00+00:00,961
2021-07-30T21:00:00+00:00,962
2021-07-30T23:00:00+00:00,961
2021-07-31T01:00:00+00:00,961
2021-07-31T05:00:00+00:00,960
2021-07-31T06:00:00+00:00,961
2021-07-31T08:00:00+00:00,964
2021-07-31T11:00:00+00:00,965
2021-07-31T13:00:00+00:00,966
2021-07-31T14:00:00+00:00,965
2021-07-31T20:00:00+00:00,967
2021-07-31T22:00:00+00:00,968
2021-07-31T23:00:00+00:00,969
2021-08-01T03:00:00+00:00,969
2021-08-01T05:00:00+00:00,970
2021-08-01T09:00:00+00:00,970
2021-08-01T11:00:00+00:00,971
2021-08-01T13:00:00+00:00,970
2021-08-01T15:00:00+00:00,971
2021-08-01T16:00:00+00:00,972
2021-08-01T18:00:00+00:00,973
2021-08-01T20:00:00+00:00,974
2021-08-01T21:00:00+00:00,975
2021-08-01T23:00:00+00:00,977
2021-08-02T00:00:00+00:00,977
2021-08-02T04:00:00+00:00,978
2021-08-02T05:00:00+00:00,976
2021-08-02T09:00:00+00:00,977
2021-08-02T10:00:00+00:00,977
2021-08-02T12:00:00+00:00,976
2021-08-02T14:00:00+00:00,975
2021-08-02T17:00:00+00:00,976
2021-08-02T18:00:00+00:00,977
2021-08-02T21:00:00+00:00,978
2021-08-02T22:00:00+00:00,977
2021-08-03T06:00:00+00:00,978
2021-08-03T08:00:00+00:00,979
2021-08-03T13:00:00+00:00,980
2021-08-03T16:00:00+00:00,981
2021-08-03T17:00:00+00:00,981
2021-08-03T20:00:00+00:00,982
2021-08-03T23:00:00+00:00,983
2021-08-04T01:00:00+00:00,984
2021-08-04T02:00:00+00:00,985
2021-08-04T05:00:00+00:00,986
2021-08-04T11:00:00+00:00,987
2021-08-04T12:00:00+00:00,988
2021-08-04T15:00:00+00:00,989
2021-08-04T16:00:00+00:00,991
2021-08-04T18:00:00+00:00,992
2021-08-04T19:00:00+00:00,993
2021-08-04T22:00:00+00:00,995
2021-08-05T00:00:00+00:00,994
2021-08-05T03:00:00+00:00,995
2021-08-05T06:00:00+00:00,994
2021-08-05T08:00:00+00:00,993
2021-08-05T10:00:00+00:00,993
2021-08-05T11:00:00+00:00,992
2021-08-05T18:00:00+00:00,994
2021-08-05T21:00:00+00:00,994
2021-08-05T22:00:00+00:00,995
2021-08-05T23:00:00+00:00,996
2021-08-06T00:00:00+00:00,996
2021-08-06T05:00:00+00:00,997
2021-08-06T07:00:00+00:00,998
2021-08-06T12:00:00+00:00,997
2021-08-06T13:00:00+00:00,998
2021-08-06T15:00:00+00:00,999
2021-08-06T20:00:00+00:00,998
2021-08-07T01:00:00+00:00,997
2021-08-07T02:00:00+00:00,998
2021-08-07T04:00:00+00:00,999
2021-08-07T05:00:00+00:00,998
2021-08-07T07:00:00+00:00,999
2021-08-07T10:00:00+00:00,998
2021-08-07T11:00:00+00:00,999
2021-08-07T12:00:00+00:00,998
2021-08-07T13:00:00+00:00,998
2021-08-07T14:00:00+00:00,999
2021-08-07T15:00:00+00:00,1000
2021-08-07T17:00:00+00:00,1000
2021-08-07T20:00:00+00:00,1001
2021-08-07T21:00:00+00:00,1001
2021-08-07T22:00:00+00:00,1003
2021-08-07T23:00:00+00:00,1004
2021-08-08T02:00:00+00:00,1005
2021-08-08T03:00:00+00:00,1004
2021-08-08T05:00:00+00:00,1005
2021-08-08T06:00:00+00:00,1006
2021-08-08T07:00:00+00:00,1007
2021-08-08T08:00:00+00:00,1006
2021-08-08T10:00:00+00:00,1006
2021-08-08T11:00:00+00:00,1005
2021-08-08T13:00:00+00:00,1004
2021-08-08T14:00:00+00:00,1005
2021-08-08T15:00:00+00:00,1006
2021-08-08T16:00:00+00:00,1005
2021-08-08T17:00:00+00:00,1006
2021-08-08T19:00:00+00:00,1006
2021-08-08T22:00:00+00:00,1005
2021-08-09T01:00:00+00:00,1006
2021-08-09T03:00:00+00:00,1007
2021-08-09T07:00:00+00:00,1008
2021-08-09T09:00:00+00:00,1009
2021-08-09T11:00:00+00:00,1010
2021-08-09T23:00:00+00:00,1009
2021-08-10T02:00:00+00:00,1008
2021-08-10T04:00:00+00:00,1009
2021-08-10T07:00:00+00:00,1010
2021-08-10T08:00:00+00:00,1012
2021-08-10T09:00:00+00:00,1013
2021-08-10T12:00:00+00:00,1014
2021-08-10T14:00:00+00:00,1013
2021-08-10T17:00:00+00:00,1012
2021-08-10T18:00:00+00:00,1013
2021-08-10T19:00:00+00:00,1014
2021-08-10T21:00:00+00:00,1014
2021-08-10T22:00:00+00:00,1015
2021-08-10T23:00:00+00:00,1015
2021-08-11T00:00:00+00:00,1016
2021-08-11T01:00:00+00:00,1017
2021-08-11T04:00:00+00:00,1016
2021-08-11T05:00:00+00:00,1017
2021-08-11T08:00:00+00:00,1020
2021-08-11T10:00:00+00:00,1021
2021-08-11T18:00:00+00:00,1020
2021-08-11T19:00:00+00:00,1021
2021-08-11T21:00:00+00:00,1022
2021-08-12T03:00:00+00:00,1023
2021-08-12T04:00:00+00:00,1024
2021-08-12T05:00:00+00:00,1025
2021-08-12T09:00:00+00:00,1026
2021-08-12T11:00:00+00:00,1027
2021-08-12T12:00:00+00:00,1026
2021-08-12T13:00:00+00:00,1025
2021-08-12T17:00:00+00:00,1027
2021-08-12T18:00:00+00:00,1027
2021-08-12T21:00:00+00:00,1028
2021-08-13T02:00:00+00:00,1027
2021-08-13T03:00:00+00:00,1026
2021-08-13T07:00:00+00:00,1027
2021-08-13T09:00:00+00:00,1026
2021-08-13T10:00:00+00:00,1025
2021-08-13T13:00:00+00:00,1026
2021-08-13T16:00:00+00:00,1027
2021-08-13T23:00:00+00:00,1026
2021-08-14T05:00:00+00:00,1028
2021-08-14T07:00:00+00:00,1029
2021-08-14T11:00:00+00:00,1028
2021-08-14T13:00:00+00:00,1026
2021-08-14T14:00:00+00:00,1025
2021-08-14T19:00:00+00:00,1024
2021-08-14T21:00:00+00:00,1025
2021-08-15T01:00:00+00:00,1026
2021-08-15T02:00:00+00:00,1025
2021-08-15T03:00:00+00:00,1026
2021-08-15T05:00:00+00:00,1027
2021-08-15T06:00:00+00:00,1027
2021-08-15T07:00:00+00:00,1028
2021-08-15T11:00:00+00:00,1029
2021-08-15T13:00:00+00:00,1030
2021-08-15T18:00:00+00:00,1032
2021-08-15T19:00:00+00:00,1031
2021-08-15T21:00:00+00:00,1032
2021-08-16T01:00:00+00:00,1032
2021-08-16T02:00:00+00:00,1033
2021-08-16T09:00:00+00:00,1031
2021-08-16T10:00:00+00:00,1030
2021-08-16T11:00:00+00:00,1032
2021-08-16T12:00:00+00:00,1035
2021-08-16T17:00:00+00:00,1034
2021-08-16T18:00:00+00:00,1033
2021-08-16T19:00:00+00:00,1035
2021-08-16T20:00:00+00:00,1036
2021-08-17T00:00:00+00:00,1035
2021-08-17T04:00:00+00:00,1036
2021-08-17T05:00:00+00:00,1038
2021-08-17T15:00:00+00:00,1037
2021-08-17T17:00:00+00:00,1038
2021-08-17T19:00:00+00:00,1037
2021-08-17T20:00:00+00:00,1036
2021-08-17T22:00:00+00:00,1035
2021-08-18T01:00:00+00:00,1036
2021-08-18T05:00:00+00:00,1037
2021-08-18T09:00:00+00:00,1038
2021-08-18T13:00:00+00:00,1040
2021-08-18T17:00:00+00:00,1039
2021-08-18T18:00:00+00:00,1038
2021-08-19T02:00:00+00:00,1039
2021-08-19T09:00:00+00:00,1040
2021-08-19T13:00:00+00:00,1041
2021-08-19T23:00:00+00:00,1040
2021-08-20T01:00:00+00:00,1041
2021-08-20T02:00:00+00:00,1043
2021-08-20T03:00:00+00:00,1043
2021-08-20T07:00:00+00:00,1044
2021-08-20T08:00:00+00:00,1043
2021-08-20T11:00:00+00:00,1044
2021-08-20T12:00:00+00:00,1044
2021-08-20T14:00:00+00:00,1045
2021-08-20T19:00:00+00:00,1046
2021-08-20T20:00:00+00:00,1044
2021-08-20T22:00:00+00:00,1046
2021-08-21T00:00:00+00:00,1045
2021-08-21T01:00:00+00:00,1044
2021-08-21T04:00:00+00:00,1043
2021-08-21T06:00:00+00:00,1042
2021-08-21T09:00:00+00:00,1043
2021-08-21T11:00:00+00:00,1045
2021-08-21T15:00:00+00:00,1045
2021-08-21T20:00:00+00:00,1045
2021-08-22T01:00:00+00:00,1044
2021-08-22T03:00:00+00:00,1045
2021-08-22T05:00:00+00:00,1046
2021-08-22T06:00:00+00:00,1047
2021-08-22T07:00:00+00:00,1049
2021-08-22T11:00:00+00:00,1051
2021-08-22T13:00:00+00:00,1050
2021-08-22T14:00:00+00:00,1051
2021-08-22T18:00:00+00:00,1050
2021-08-22T19:00:00+00:00,1049
2021-08-22T21:00:00+00:00,1050
2021-08-22T22:00:00+00:00,1051
2021-08-22T23:00:00+00:00,1052
2021-08-23T06:00:00+00:00,1053
2021-08-23T11:00:00+00:00,1052
2021-08-23T12:00:00+00:00,1053
2021-08-23T13:00:00+00:00,1052
2021-08-23T18:00:00+00:00,1053
2021-08-23T19:00:00+00:00,1054
2021-08-23T20:00:00+00:00,1055
2021-08-23T22:00:00+00:00,1056
2021-08-23T23:00:00+00:00,1055
2021-08-24T00:00:00+00:00,1056
2021-08-24T09:00:00+00:00,1057
2021-08-24T14:00:00+00:00,1058
2021-08-24T18:00:00+00:00,1059
2021-08-24T19:00:00+00:00,1058
2021-08-24T22:00:00+00:00,1059
2021-08-25T02:00:00+00:00,1058
2021-08-25T05:00:00+00:00,1057
2021-08-25T12:00:00+00:00,1058
2021-08-25T16:00:00+00:00,1060
2021-08-26T00:00:00+00:00,1061
2021-08-26T01:00:00+00:00,1060
2021-08-26T02:00:00+00:00,1061
2021-08-26T04:00:00+00:00,1062
2021-08-26T07:00:00+00:00,1061
2021-08-26T11:00:00+00:00,1063
2021-08-26T15:00:00+00:00,1064
2021-08-26T19:00:00+00:00,1064
2021-08-26T20:00:00+00:00,1065
2021-08-26T23:00:00+00:00,1066
2021-08-27T01:00:00+00:00,1065
2021-08-27T02:00:00+00:00,1064
2021-08-27T03:00:00+00:00,1065
2021-08-27T14:00:00+00:00,1064
2021-08-27T19:00:00+00:00,1062
2021-08-27T21:00:00+00:00,1064
2021-08-27T23:00:00+00:00,1065
2021-08-28T01:00:00+00:00,1064
2021-08-28T09:00:00+00:00,1065
2021-08-28T10:00:00+00:00,1066
2021-08-28T11:00:00+00:00,1065
2021-08-28T13:00:00+00:00,1064
2021-08-28T17:00:00+00:00,1063
2021-08-28T20:00:00+00:00,1064
2021-08-28T21:00:00+00:00,1065
2021-08-28T22:00:00+00:00,1066
2021-08-29T01:00:00+00:00,1067
2021-08-29T03:00:00+00:00,1068
2021-08-29T06:00:00+00:00,1067
2021-08-29T09:00:00+00:00,1069
2021-08-29T10:00:00+00:00,1071
2021-08-29T19:00:00+00:00,1072
2021-08-30T01:00:00+00:00,1071
2021-08-30T03:00:00+00:00,1070
2021-08-30T19:00:00+00:00,1071
2021-08-31T01:00:00+00:00,1070
2021-08-31T02:00:00+00:00,1069
2021-08-31T07:00:00+00:00,1068
2021-08-31T08:00:00+00:00,1067
2021-08-31T09:00:00+00:00,1066
2021-08-31T10:00:00+00:00,1067
2021-08-31T11:00:00+00:00,1068
2021-08-31T12:00:00+00:00,1069
2021-08-31T13:00:00+00:00,1069
2021-08-31T16:00:00+00:00,1068
2021-08-31T17:00:00+00:00,1067
2021-08-31T19:00:00+00:00,1068
2021-08-31T20:00:00+00:00,1069
2021-08-31T22:00:00+00:00,1070
2021-09-01T00:00:00+00:00,1071
2021-09-01T05:00:00+00:00,1072
2021-09-01T11:00:00+00:00,1073
2021-09-01T12:00:00+00:00,1071
2021-09-01T22:00:00+00:00,1071
2021-09-02T00:00:00+00:00,1072
2021-09-02T01:00:00+00:00,1073
2021-09-02T02:00:00+00:00,1072
2021-09-02T04:00:00+00:00,1073
2021-09-02T08:00:00+00:00,1071
2021-09-02T09:00:00+00:00,1072
2021-09-02T13:00:00+00:00,1071
2021-09-02T21:00:00+00:00,1070
2021-09-03T00:00:00+00:00,1071
2021-09-03T02:00:00+00:00,1070
2021-09-03T17:00:00+00:00,1071
2021-09-03T20:00:00+00:00,1071
2021-09-04T04:00:00+00:00,1072
2021-09-04T09:00:00+00:00,1073
2021-09-04T10:00:00+00:00,1072
2021-09-04T11:00:00+00:00,1071
2021-09-04T13:00:00+00:00,1073
2021-09-04T14:00:00+00:00,1074
2021-09-05T03:00:00+00:00,1075
2021-09-05T07:00:00+00:00,1074
2021-09-05T10:00:00+00:00,1076
2021-09-05T12:00:00+00:00,1077
2021-09-05T18:00:00+00:00,1078
2021-09-05T21:00:00+00:00,1079
2021-09-05T23:00:00+00:00,1078
2021-09-06T03:00:00+00:00,1079
2021-09-06T06:00:00+00:00,1078
2021-09-06T08:00:00+00:00,1079
2021-09-06T09:00:00+00:00,1080
2021-09-06T13:00:00+00:00,1080
2021-09-06T19:00:00+00:00,1081
2021-09-07T02:00:00+00:00,1082
2021-09-07T03:00:00+00:00,1083
2021-09-07T04:00:00+00:00,1085
2021-09-07T09:00:00+00:00,1086
2021-09-07T10:00:00+00:00,1085
2021-09-07T12:00:00+00:00,1084
2021-09-07T15:00:00+00:00,1082
2021-09-07T18:00:00+00:00,1082
2021-09-07T20:00:00+00:00,1081
2021-09-07T21:00:00+00:00,1082
2021-09-07T22:00:00+00:00,1084
2021-09-08T02:00:00+00:00,1085
2021-09-08T03:00:00+00:00,1086
2021-09-08T04:00:00+00:00,1087
2021-09-08T06:00:00+00:00,1087
2021-09-08T08:00:00+00:00,1086
2021-09-08T09:00:00+00:00,1085
2021-09-08T10:00:00+00:00,1084
2021-09-08T12:00:00+00:00,1085
2021-09-08T18:00:00+00:00,1086
2021-09-08T19:00:00+00:00,1087
2021-09-08T20:00:00+00:00,1086
2021-09-08T22:00:00+00:00,1085
2021-09-09T03:00:00+00:00,1086
2021-09-09T08:00:00+00:00,1086
2021-09-09T09:00:00+00:00,1087
2021-09-09T10:00:00+00:00,1088
2021-09-10T01:00:00+00:00,1089
2021-09-10T02:00:00+00:00,1088
2021-09-10T07:00:00+00:00,1089
2021-09-10T09:00:00+00:00,1088
2021-09-10T12:00:00+00:00,1089
2021-09-10T15:00:00+00:00,1090
2021-09-10T17:00:00+00:00,1089
2021-09-10T18:00:00+00:00,1088
2021-09-10T22:00:00+00:00,1087
2021-09-10T23:00:00+00:00,1089
2021-09-11T01:00:00+00:00,1089
2021-09-11T02:00:00+00:00,1091
2021-09-11T05:00:00+00:00,1090
2021-09-11T07:00:00+00:00,1089
2021-09-11T08:00:00+00:00,1087
2021-09-11T10:00:00+00:00,1086
2021-09-11T13:00:00+00:00,1087
2021-09-11T15:00:00+00:00,1088
2021-09-11T16:00:00+00:00,1086
2021-09-11T18:00:00+00:00,1085
2021-09-11T21:00:00+00:00,1084
2021-09-11T22:00:00+00:00,1083
2021-09-12T02:00:00+00:00,1084
2021-09-12T03:00:00+00:00,1085
2021-09-12T07:00:00+00:00,1084
2021-09-12T12:00:00+00:00,1085
2021-09-12T14:00:00+00:00,1085
2021-09-12T15:00:00+00:00,1084
2021-09-12T17:00:00+00:00,1084
2021-09-13T01:00:00+00:00,1085
2021-09-13T07:00:00+00:00,1086
2021-09-13T11:00:00+00:00,1087
2021-09-13T12:00:00+00:00,1088
2021-09-13T14:00:00+00:00,1087
2021-09-13T20:00:00+00:00,1088
2021-09-14T01:00:00+00:00,1086
2021-09-14T02:00:00+00:00,1085
2021-09-14T03:00:00+00:00,1086
2021-09-14T04:00:00+00:00,1085
2021-09-14T05:00:00+00:00,1086
2021-09-14T06:00:00+00:00,1085
2021-09-14T07:00:00+00:00,1084
2021-09-14T09:00:00+00:00,1083
2021-09-14T10:00:00+00:00,1082
2021-09-14T12:00:00+00:00,1081
2021-09-14T16:00:00+00:00,1082
2021-09-14T20:00:00+00:00,1081
2021-09-14T21:00:00+00:00,1082
2021-09-14T22:00:00+00:00,1081
2021-09-14T23:00:00+00:00,1080
2021-09-15T04:00:00+00:00,1081
2021-09-15T09:00:00+00:00,1080
2021-09-15T13:00:00+00:00,1081
2021-09-15T16:00:00+00:00,1082
2021-09-15T19:00:00+00:00,1083
2021-09-15T20:00:00+00:00,1084
2021-09-16T03:00:00+00:00,1085
2021-09-16T05:00:00+00:00,1086
2021-09-16T06:00:00+00:00,1087
2021-09-16T07:00:00+00:00,1086
2021-09-16T11:00:00+00:00,1085
2021-09-16T18:00:00+00:00,1086
2021-09-16T21:00:00+00:00,1087
2021-09-16T22:00:00+00:00,1088
2021-09-17T00:00:00+00:00,1089
2021-09-17T01:00:00+00:00,1088
2021-09-17T04:00:00+00:00,1087
2021-09-17T08:00:00+00:00,1086
2021-09-17T09:00:00+00:00,1087
2021-09-17T12:00:00+00:00,1085
2021-09-17T14:00:00+00:00,1084
2021-09-17T15:00:00+00:00,1084
2021-09-17T18:00:00+00:00,1085
2021-09-17T23:00:00+00:00,1084
2021-09-18T05:00:00+00:00,1086
2021-09-18T06:00:00+00:00,1085
2021-09-18T07:00:00+00:00,1084
2021-09-18T08:00:00+00:00,1085
2021-09-18T13:00:00+00:00,1084
2021-09-18T21:00:00+00:00,1085
2021-09-18T22:00:00+00:00,1086
2021-09-19T00:00:00+00:00,1087
2021-09-19T02:00:00+00:00,1087
2021-09-19T03:00:00+00:00,1087
2021-09-19T04:00:00+00:00,1087
2021-09-19T05:00:00+00:00,1088
2021-09-19T06:00:00+00:00,1089
2021-09-19T09:00:00+00:00,1090
2021-09-19T11:00:00+00:00,1091
2021-09-19T12:00:00+00:00,1090
2021-09-19T13:00:00+00:00,1091
2021-09-19T15:00:00+00:00,1092
2021-09-19T18:00:00+00:00,1093
2021-09-19T19:00:00+00:00,1094
2021-09-19T23:00:00+00:00,1095
2021-09-20T01:00:00+00:00,1096
2021-09-20T02:00:00+00:00,1095
2021-09-20T04:00:00+00:00,1095
2021-09-20T07:00:00+00:00,1095
2021-09-20T08:00:00+00:00,1094
2021-09-20T11:00:00+00:00,1093
2021-09-20T12:00:00+00:00,1091
2021-09-20T13:00:00+00:00,1092
2021-09-20T14:00:00+00:00,1093
2021-09-20T16:00:00+00:00,1092
2021-09-20T19:00:00+00:00,1091
2021-09-20T20:00:00+00:00,1092
2021-09-20T23:00:00+00:00,1090
2021-09-21T01:00:00+00:00,1088
2021-09-21T02:00:00+00:00,1087
2021-09-21T03:00:00+00:00,1086
2021-09-21T07:00:00+00:00,1087
2021-09-21T10:00:00+00:00,1087
2021-09-21T15:00:00+00:00,1088
2021-09-21T16:00:00+00:00,1089
2021-09-21T20:00:00+00:00,1088
2021-09-21T21:00:00+00:00,1084
2021-09-21T22:00:00+00:00,1084
2021-09-21T23:00:00+00:00,1084
2021-09-22T04:00:00+00:00,1083
2021-09-22T06:00:00+00:00,1081
2021-09-22T07:00:00+00:00,1081
2021-09-22T08:00:00+00:00,1081
2021-09-22T09:00:00+00:00,1082
2021-09-22T15:00:00+00:00,1082
2021-09-22T19:00:00+00:00,1083
2021-09-22T20:00:00+00:00,1085
2021-09-23T00:00:00+00:00,1085
2021-09-23T02:00:00+00:00,1086
2021-09-23T06:00:00+00:00,1087
2021-09-23T10:00:00+00:00,1089
2021-09-23T11:00:00+00:00,1089
2021-09-23T16:00:00+00:00,1090
2021-09-23T19:00:00+00:00,1089
2021-09-23T21:00:00+00:00,1090
2021-09-24T01:00:00+00:00,1091
2021-09-24T03:00:00+00:00,1092
2021-09-24T05:00:00+00:00,1092
2021-09-24T06:00:00+00:00,1093
2021-09-24T08:00:00+00:00,1095
2021-09-24T09:00:00+00:00,1096
2021-09-24T10:00:00+00:00,1094
2021-09-24T11:00:00+00:00,1095
2021-09-24T12:00:00+00:00,1096
2021-09-24T18:00:00+00:00,1097
2021-09-24T19:00:00+00:00,1099
2021-09-25T00:00:00+00:00,1100
2021-09-25T02:00:00+00:00,1101
2021-09-25T03:00:00+00:00,1102
2021-09-25T06:00:00+00:00,1103
2021-09-25T08:00:00+00:00,1103
2021-09-25T10:00:00+00:00,1105
2021-09-25T11:00:00+00:00,1105
2021-09-25T12:00:00+00:00,1106
2021-09-25T14:00:00+00:00,1108
2021-09-25T17:00:00+00:00,1107
2021-09-25T18:00:00+00:00,1108
2021-09-25T19:00:00+00:00,1109
2021-09-25T21:00:00+00:00,1108
2021-09-26T01:00:00+00:00,1107
2021-09-26T02:00:00+00:00,1106
2021-09-26T04:00:00+00:00,1105
2021-09-26T07:00:00+00:00,1103
2021-09-26T08:00:00+00:00,1103
2021-09-26T09:00:00+00:00,1102
2021-09-26T10:00:00+00:00,1103
2021-09-26T11:00:00+00:00,1104
2021-09-26T12:00:00+00:00,1106
2021-09-26T14:00:00+00:00,1107
2021-09-26T17:00:00+00:00,1108
2021-09-26T19:00:00+00:00,1109
2021-09-26T23:00:00+00:00,1108
2021-09-27T01:00:00+00:00,1109
2021-09-27T02:00:00+00:00,1107
2021-09-27T03:00:00+00:00,1108
2021-09-27T09:00:00+00:00,1109
2021-09-27T11:00:00+00:00,1110
2021-09-27T12:00:00+00:00,1111
2021-09-27T13:00:00+00:00,1111
2021-09-27T14:00:00+00:00,1112
2021-09-27T15:00:00+00:00,1115
2021-09-27T19:00:00+00:00,1114
2021-09-27T21:00:00+00:00,1116
2021-09-28T00:00:00+00:00,1115
2021-09-28T09:00:00+00:00,1116
2021-09-28T10:00:00+00:00,1115
2021-09-28T15:00:00+00:00,1114
2021-09-28T16:00:00+00:00,1115
2021-09-28T17:00:00+00:00,1114
2021-09-28T18:00:00+00:00,1113
2021-09-28T21:00:00+00:00,1112
2021-09-28T23:00:00+00:00,1111
2021-09-29T01:00:00+00:00,1112
2021-09-29T02:00:00+00:00,1113
2021-09-29T08:00:00+00:00,1112
2021-09-29T09:00:00+00:00,1112
2021-09-29T10:00:00+00:00,1113
2021-09-29T12:00:00+00:00,1112
2021-09-29T15:00:00+00:00,1111
2021-09-29T18:00:00+00:00,1110
2021-09-29T20:00:00+00:00,1110
2021-09-30T01:00:00+00:00,1109
2021-09-30T06:00:00+00:00,1110
2021-09-30T08:00:00+00:00,1111
2021-09-30T09:00:00+00:00,1113
2021-09-30T11:00:00+00:00,1114
2021-09-30T12:00:00+00:00,1115
2021-09-30T13:00:00+00:00,1115
2021-09-30T15:00:00+00:00,1116
2021-09-30T16:00:00+00:00,1115
2021-09-30T19:00:00+00:00,1114
2021-10-01T00:00:00+00:00,1115
2021-10-01T01:00:00+00:00,1114
2021-10-01T05:00:00+00:00,1113
2021-10-01T10:00:00+00:00,1112
2021-10-01T11:00:00+00:00,1113
2021-10-01T14:00:00+00:00,1114
2021-10-01T16:00:00+00:00,1115
2021-10-02T01:00:00+00:00,1116
2021-10-02T04:00:00+00:00,1117
2021-10-02T08:00:00+00:00,1115
2021-10-02T11:00:00+00:00,1114
2021-10-02T12:00:00+00:00,1113
2021-10-02T14:00:00+00:00,1114
2021-10-02T18:00:00+00:00,1116
2021-10-02T20:00:00+00:00,1117
2021-10-02T21:00:00+00:00,1118
2021-10-02T22:00:00+00:00,1119
2021-10-03T04:00:00+00:00,1118
2021-10-03T09:00:00+00:00,1116
2021-10-03T10:00:00+00:00,1117
2021-10-03T11:00:00+00:00,1118
2021-10-03T15:00:00+00:00,1117
2021-10-03T17:00:00+00:00,1115
2021-10-04T06:00:00+00:00,1114
2021-10-04T10:00:00+00:00,1116
2021-10-04T15:00:00+00:00,1117
2021-10-04T16:00:00+00:00,1118
2021-10-04T17:00:00+00:00,1117
2021-10-04T18:00:00+00:00,1118
2021-10-04T19:00:00+00:00,1119
2021-10-04T20:00:00+00:00,1120
2021-10-05T03:00:00+00:00,1120
2021-10-05T04:00:00+00:00,1120
2021-10-05T05:00:00+00:00,1122
2021-10-05T08:00:00+00:00,1122
2021-10-05T10:00:00+00:00,1123
2021-10-05T12:00:00+00:00,1124
2021-10-05T17:00:00+00:00,1125
2021-10-05T22:00:00+00:00,1126
2021-10-06T00:00:00+00:00,1127
2021-10-06T01:00:00+00:00,1126
2021-10-06T03:00:00+00:00,1125
2021-10-06T04:00:00+00:00,1126
2021-10-06T09:00:00+00:00,1125
2021-10-06T12:00:00+00:00,1126
2021-10-06T13:00:00+00:00,1125
2021-10-06T14:00:00+00:00,1124
2021-10-06T20:00:00+00:00,1125
2021-10-07T01:00:00+00:00,1124
2021-10-07T02:00:00+00:00,1125
2021-10-07T04:00:00+00:00,1124
2021-10-07T07:00:00+00:00,1125
2021-10-07T08:00:00+00:00,1124
2021-10-07T10:00:00+00:00,1125
2021-10-07T12:00:00+00:00,1126
2021-10-07T13:00:00+00:00,1126
2021-10-07T16:00:00+00:00,1127
2021-10-07T20:00:00+00:00,1128
2021-10-08T00:00:00+00:00,1127
2021-10-08T01:00:00+00:00,1128
2021-10-08T02:00:00+00:00,1129
2021-10-08T04:00:00+00:00,1128
2021-10-08T07:00:00+00:00,1129
2021-10-08T12:00:00+00:00,1130
2021-10-08T14:00:00+00:00,1131
2021-10-08T18:00:00+00:00,1131
2021-10-08T20:00:00+00:00,1131
2021-10-08T22:00:00+00:00,1130
2021-10-08T23:00:00+00:00,1130
2021-10-09T02:00:00+00:00,1131
2021-10-09T04:00:00+00:00,1132
2021-10-09T07:00:00+00:00,1133
2021-10-09T09:00:00+00:00,1134
2021-10-09T10:00:00+00:00,1130
2021-10-09T16:00:00+00:00,1129
2021-10-09T18:00:00+00:00,1128
2021-10-09T20:00:00+00:00,1127
2021-10-09T22:00:00+00:00,1128
2021-10-09T23:00:00+00:00,1127
2021-10-10T00:00:00+00:00,1125
2021-10-10T01:00:00+00:00,1126
2021-10-10T02:00:00+00:00,1125
2021-10-10T03:00:00+00:00,1124
2021-10-10T07:00:00+00:00,1125
2021-10-10T08:00:00+00:00,1124
2021-10-10T11:00:00+00:00,1125
2021-10-10T12:00:00+00:00,1126
2021-10-10T15:00:00+00:00,1129
2021-10-10T19:00:00+00:00,1130
2021-10-10T20:00:00+00:00,1131
2021-10-10T23:00:00+00:00,1132
2021-10-11T00:00:00+00:00,1133
2021-10-11T06:00:00+00:00,1134
2021-10-11T08:00:00+00:00,1135
2021-10-11T11:00:00+00:00,1137
2021-10-11T13:00:00+00:00,1138
2021-10-11T14:00:00+00:00,1137
2021-10-11T15:00:00+00:00,1138
2021-10-11T18:00:00+00:00,1139
2021-10-11T19:00:00+00:00,1140
2021-10-11T20:00:00+00:00,1141
2021-10-11T22:00:00+00:00,1142
2021-10-11T23:00:00+00:00,1143
2021-10-12T02:00:00+00:00,1144
2021-10-12T09:00:00+00:00,1146
2021-10-12T12:00:00+00:00,1145
2021-10-12T14:00:00+00:00,1146
2021-10-12T16:00:00+00:00,1145
2021-10-12T18:00:00+00:00,1145
2021-10-12T19:00:00+00:00,1147
2021-10-12T21:00:00+00:00,1147
2021-10-12T22:00:00+00:00,1146
2021-10-12T23:00:00+00:00,1147
2021-10-13T01:00:00+00:00,1148
2021-10-13T03:00:00+00:00,1149
2021-10-13T05:00:00+00:00,1151
2021-10-13T11:00:00+00:00,1151
2021-10-13T15:00:00+00:00,1150
2021-10-13T20:00:00+00:00,1151
2021-10-13T23:00:00+00:00,1152
2021-10-14T00:00:00+00:00,1151
2021-10-14T01:00:00+00:00,1152
2021-10-14T06:00:00+00:00,1153
2021-10-14T07:00:00+00:00,1153
2021-10-14T08:00:00+00:00,1154
2021-10-14T09:00:00+00:00,1154
2021-10-14T10:00:00+00:00,1155
2021-10-14T14:00:00+00:00,1154
2021-10-14T17:00:00+00:00,1153
2021-10-14T18:00:00+00:00,1154
2021-10-15T03:00:00+00:00,1156
2021-10-15T05:00:00+00:00,1154
2021-10-15T06:00:00+00:00,1155
2021-10-15T09:00:00+00:00,1154
2021-10-15T13:00:00+00:00,1153
2021-10-15T15:00:00+00:00,1154
2021-10-15T20:00:00+00:00,1154
2021-10-16T00:00:00+00:00,1154
2021-10-16T06:00:00+00:00,1156
2021-10-16T08:00:00+00:00,1157
2021-10-16T10:00:00+00:00,1158
2021-10-16T11:00:00+00:00,1159
2021-10-16T14:00:00+00:00,1160
2021-10-16T16:00:00+00:00,1160
2021-10-16T17:00:00+00:00,1159
2021-10-16T23:00:00+00:00,1158
2021-10-17T03:00:00+00:00,1159
2021-10-17T06:00:00+00:00,1160
2021-10-17T07:00:00+00:00,1161
2021-10-17T09:00:00+00:00,1163
2021-10-17T11:00:00+00:00,1164
2021-10-17T16:00:00+00:00,1163
2021-10-17T18:00:00+00:00,1164
2021-10-17T22:00:00+00:00,1165
2021-10-18T00:00:00+00:00,1166
2021-10-18T01:00:00+00:00,1165
2021-10-18T02:00:00+00:00,1166
2021-10-18T06:00:00+00:00,1167
2021-10-18T09:00:00+00:00,1167
2021-10-18T10:00:00+00:00,1168
2021-10-18T11:00:00+00:00,1169
2021-10-18T12:00:00+00:00,1169
2021-10-18T13:00:00+00:00,1171
2021-10-18T14:00:00+00:00,1173
2021-10-18T16:00:00+00:00,1171
2021-10-18T19:00:00+00:00,1173
2021-10-18T23:00:00+00:00,1172
2021-10-19T07:00:00+00:00,1171
2021-10-19T08:00:00+00:00,1172
2021-10-19T11:00:00+00:00,1170
2021-10-19T12:00:00+00:00,1171
2021-10-19T15:00:00+00:00,1170
2021-10-19T17:00:00+00:00,1171
2021-10-19T22:00:00+00:00,1172
2021-10-19T23:00:00+00:00,1173
2021-10-20T03:00:00+00:00,1172
2021-10-20T04:00:00+00:00,1171
2021-10-20T05:00:00+00:00,1174
2021-10-20T06:00:00+00:00,1177
2021-10-20T07:00:00+00:00,1176
2021-10-20T11:00:00+00:00,1175
2021-10-20T12:00:00+00:00,1176
2021-10-20T13:00:00+00:00,1177
2021-10-20T14:00:00+00:00,1178
2021-10-20T16:00:00+00:00,1179
2021-10-20T17:00:00+00:00,1178
2021-10-20T20:00:00+00:00,1179
2021-10-20T23:00:00+00:00,1180
2021-10-21T00:00:00+00:00,1179
2021-10-21T01:00:00+00:00,1179
2021-10-21T05:00:00+00:00,1180
2021-10-21T06:00:00+00:00,1181
2021-10-21T08:00:00+00:00,1182
2021-10-21T09:00:00+00:00,1184
2021-10-21T10:00:00+00:00,1183
2021-10-21T11:00:00+00:00,1182
2021-10-21T13:00:00+00:00,1183
2021-10-21T17:00:00+00:00,1184
2021-10-21T19:00:00+00:00,1185
2021-10-21T20:00:00+00:00,1184
2021-10-21T21:00:00+00:00,1184
2021-10-21T22:00:00+00:00,1187
2021-10-22T01:00:00+00:00,1188
2021-10-22T02:00:00+00:00,1189
2021-10-22T03:00:00+00:00,1189
2021-10-22T05:00:00+00:00,1188
2021-10-22T09:00:00+00:00,1188
2021-10-22T10:00:00+00:00,1189
2021-10-22T11:00:00+00:00,1188
2021-10-22T12:00:00+00:00,1189
2021-10-22T14:00:00+00:00,1190
2021-10-22T15:00:00+00:00,1191
2021-10-22T16:00:00+00:00,1191
2021-10-22T18:00:00+00:00,1190
2021-10-22T21:00:00+00:00,1190
2021-10-23T02:00:00+00:00,1189
2021-10-23T03:00:00+00:00,1190
2021-10-23T04:00:00+00:00,1189
2021-10-23T06:00:00+00:00,1190
2021-10-23T07:00:00+00:00,1191
2021-10-23T08:00:00+00:00,1192
2021-10-23T09:00:00+00:00,1193
2021-10-23T10:00:00+00:00,1194
2021-10-23T13:00:00+00:00,1195
2021-10-23T15:00:00+00:00,1195
2021-10-23T21:00:00+00:00,1196
2021-10-23T23:00:00+00:00,1197
2021-10-24T04:00:00+00:00,1198
2021-10-24T06:00:00+00:00,1197
2021-10-24T10:00:00+00:00,1198
2021-10-24T18:00:00+00:00,1194
2021-10-25T01:00:00+00:00,1195
2021-10-25T02:00:00+00:00,1196
2021-10-25T03:00:00+00:00,1197
2021-10-25T04:00:00+00:00,1200
2021-10-25T06:00:00+00:00,1201
2021-10-25T08:00:00+00:00,1202
2021-10-25T09:00:00+00:00,1200
2021-10-25T10:00:00+00:00,1201
2021-10-25T14:00:00+00:00,1202
2021-10-25T17:00:00+00:00,1202
2021-10-25T18:00:00+00:00,1201
2021-10-25T19:00:00+00:00,1202
2021-10-25T20:00:00+00:00,1203
2021-10-25T22:00:00+00:00,1205
2021-10-26T05:00:00+00:00,1206
2021-10-26T07:00:00+00:00,1207
2021-10-26T08:00:00+00:00,1206
2021-10-26T09:00:00+00:00,1205
2021-10-26T12:00:00+00:00,1205
2021-10-26T13:00:00+00:00,1204
2021-10-26T15:00:00+00:00,1204
2021-10-26T16:00:00+00:00,1203
2021-10-26T17:00:00+00:00,1204
2021-10-26T19:00:00+00:00,1205
2021-10-26T20:00:00+00:00,1207
2021-10-26T21:00:00+00:00,1208
2021-10-26T22:00:00+00:00,1207
2021-10-27T03:00:00+00:00,1205
2021-10-27T05:00:00+00:00,1203
2021-10-27T06:00:00+00:00,1205
2021-10-27T10:00:00+00:00,1206
2021-10-27T12:00:00+00:00,1206
2021-10-27T13:00:00+00:00,1207
2021-10-27T16:00:00+00:00,1208
2021-10-27T18:00:00+00:00,1208
2021-10-28T03:00:00+00:00,1210
2021-10-28T09:00:00+00:00,1211
2021-10-28T12:00:00+00:00,1212
2021-10-28T21:00:00+00:00,1213
2021-10-28T22:00:00+00:00,1212
2021-10-29T00:00:00+00:00,1211
2021-10-29T02:00:00+00:00,1210
2021-10-29T05:00:00+00:00,1211
2021-10-29T06:00:00+00:00,1212
2021-10-29T07:00:00+00:00,1211
2021-10-29T09:00:00+00:00,1212
2021-10-29T11:00:00+00:00,1213
2021-10-29T15:00:00+00:00,1212
2021-10-29T19:00:00+00:00,1214
2021-10-29T20:00:00+00:00,1215
2021-10-29T21:00:00+00:00,1216
2021-10-29T22:00:00+00:00,1217
2021-10-30T01:00:00+00:00,1216
2021-10-30T02:00:00+00:00,1215
2021-10-30T04:00:00+00:00,1218
2021-10-30T07:00:00+00:00,1220
2021-10-30T12:00:00+00:00,1221
2021-10-30T17:00:00+00:00,1220
2021-10-30T22:00:00+00:00,1198
2021-10-30T23:00:00+00:00,1198
2021-10-31T00:00:00+00:00,1200
2021-10-31T01:00:00+00:00,1199
2021-10-31T04:00:00+00:00,1198
2021-10-31T05:00:00+00:00,1197
2021-10-31T07:00:00+00:00,1198
2021-10-31T08:00:00+00:00,1197
2021-10-31T10:00:00+00:00,1196
2021-10-31T13:00:00+00:00,1195
2021-10-31T14:00:00+00:00,1194
2021-10-31T15:00:00+00:00,1193
2021-10-31T16:00:00+00:00,1194
2021-10-31T18:00:00+00:00,1193
2021-10-31T21:00:00+00:00,1194
2021-11-01T02:00:00+00:00,1194
2021-11-01T05:00:00+00:00,1196
2021-11-01T06:00:00+00:00,1194
2021-11-01T07:00:00+00:00,1193
2021-11-01T12:00:00+00:00,1194
2021-11-01T14:00:00+00:00,1195
2021-11-01T16:00:00+00:00,1197
2021-11-01T18:00:00+00:00,1198
2021-11-01T19:00:00+00:00,1197
2021-11-01T21:00:00+00:00,1196
2021-11-02T06:00:00+00:00,1197
2021-11-02T08:00:00+00:00,1198
2021-11-02T10:00:00+00:00,1200
2021-11-02T17:00:00+00:00,1199
2021-11-02T22:00:00+00:00,1200
2021-11-03T00:00:00+00:00,1199
2021-11-03T02:00:00+00:00,1200
2021-11-03T04:00:00+00:00,1201
2021-11-03T06:00:00+00:00,1204
2021-11-03T08:00:00+00:00,1205
2021-11-03T10:00:00+00:00,1206
2021-11-03T11:00:00+00:00,1207
2021-11-03T12:00:00+00:00,1208
2021-11-03T13:00:00+00:00,1206
2021-11-03T16:00:00+00:00,1205
2021-11-03T20:00:00+00:00,1206
2021-11-03T23:00:00+00:00,1208
2021-11-04T06:00:00+00:00,1210
2021-11-04T13:00:00+00:00,1209
2021-11-04T14:00:00+00:00,1210
2021-11-04T15:00:00+00:00,1211
2021-11-04T18:00:00+00:00,1213
2021-11-04T21:00:00+00:00,1214
2021-11-04T22:00:00+00:00,1215
2021-11-05T01:00:00+00:00,1214
2021-11-05T02:00:00+00:00,1215
2021-11-05T04:00:00+00:00,1216
2021-11-05T07:00:00+00:00,1216
2021-11-05T09:00:00+00:00,1217
2021-11-05T11:00:00+00:00,1218
2021-11-05T16:00:00+00:00,1219
2021-11-05T19:00:00+00:00,1218
2021-11-05T20:00:00+00:00,1221
2021-11-05T23:00:00+00:00,1221
2021-11-06T01:00:00+00:00,1221
2021-11-06T07:00:00+00:00,1220
2021-11-06T09:00:00+00:00,1221
2021-11-06T11:00:00+00:00,1223
2021-11-06T12:00:00+00:00,1222
2021-11-06T14:00:00+00:00,1223
2021-11-06T16:00:00+00:00,1222
2021-11-06T21:00:00+00:00,1223
2021-11-06T22:00:00+00:00,1224
2021-11-07T00:00:00+00:00,1225
2021-11-07T01:00:00+00:00,1227
2021-11-07T02:00:00+00:00,1228
2021-11-07T03:00:00+00:00,1230
2021-11-07T07:00:00+00:00,1232
2021-11-07T09:00:00+00:00,1233
2021-11-07T10:00:00+00:00,1233
2021-11-07T11:00:00+00:00,1234
2021-11-07T13:00:00+00:00,1235
2021-11-07T14:00:00+00:00,1235
2021-11-07T15:00:00+00:00,1235
2021-11-07T16:00:00+00:00,1235
2021-11-07T17:00:00+00:00,1236
2021-11-07T18:00:00+00:00,1239
2021-11-07T20:00:00+00:00,1239
2021-11-07T21:00:00+00:00,1240
2021-11-07T22:00:00+00:00,1239
2021-11-07T23:00:00+00:00,1240
2021-11-08T00:00:00+00:00,1239
2021-11-08T04:00:00+00:00,1240
2021-11-08T06:00:00+00:00,1241
2021-11-08T09:00:00+00:00,1240
2021-11-08T10:00:00+00:00,1241
2021-11-08T11:00:00+00:00,1242
2021-11-08T12:00:00+00:00,1242
2021-11-08T13:00:00+00:00,1243
2021-11-08T15:00:00+00:00,1242
2021-11-08T19:00:00+00:00,1241
2021-11-08T21:00:00+00:00,1243
2021-11-08T22:00:00+00:00,1244
2021-11-08T23:00:00+00:00,1245
2021-11-09T09:00:00+00:00,1246
2021-11-09T10:00:00+00:00,1247
2021-11-09T11:00:00+00:00,1249
2021-11-09T15:00:00+00:00,1250
2021-11-09T18:00:00+00:00,1251
2021-11-09T19:00:00+00:00,1251
2021-11-09T20:00:00+00:00,1250
2021-11-10T03:00:00+00:00,1251
2021-11-10T05:00:00+00:00,1252
2021-11-10T06:00:00+00:00,1253
2021-11-10T09:00:00+00:00,1252
2021-11-10T10:00:00+00:00,1252
2021-11-10T11:00:00+00:00,1253
2021-11-10T12:00:00+00:00,1252
2021-11-10T13:00:00+00:00,1251
2021-11-10T15:00:00+00:00,1250
2021-11-10T17:00:00+00:00,1251
2021-11-10T18:00:00+00:00,1250
2021-11-10T20:00:00+00:00,1251
2021-11-10T22:00:00+00:00,1252
2021-11-10T23:00:00+00:00,1252
2021-11-11T01:00:00+00:00,1253
2021-11-11T03:00:00+00:00,1254
2021-11-11T08:00:00+00:00,1254
2021-11-11T10:00:00+00:00,1255
2021-11-11T11:00:00+00:00,1256
2021-11-11T12:00:00+00:00,1257
2021-11-11T13:00:00+00:00,1258
2021-11-11T15:00:00+00:00,1259
2021-11-11T16:00:00+00:00,1258
2021-11-12T02:00:00+00:00,1259
2021-11-12T08:00:00+00:00,1260
2021-11-12T09:00:00+00:00,1261
2021-11-12T10:00:00+00:00,1262
2021-11-12T12:00:00+00:00,1263
2021-11-12T15:00:00+00:00,1263
2021-11-12T16:00:00+00:00,1264
2021-11-13T01:00:00+00:00,1265
2021-11-13T03:00:00+00:00,1264
2021-11-13T06:00:00+00:00,1263
2021-11-13T07:00:00+00:00,1265
2021-11-13T09:00:00+00:00,1264
2021-11-13T10:00:00+00:00,1265
2021-11-13T11:00:00+00:00,1266
2021-11-13T12:00:00+00:00,1265
2021-11-13T17:00:00+00:00,1267
2021-11-13T18:00:00+00:00,1267
2021-11-13T19:00:00+00:00,1269
2021-11-13T23:00:00+00:00,1270
2021-11-14T00:00:00+00:00,1271
2021-11-14T03:00:00+00:00,1272
2021-11-14T06:00:00+00:00,1271
2021-11-14T08:00:00+00:00,1272
2021-11-14T10:00:00+00:00,1273
2021-11-14T11:00:00+00:00,1271
2021-11-14T12:00:00+00:00,1270
2021-11-14T13:00:00+00:00,1271
2021-11-14T14:00:00+00:00,1273
2021-11-14T15:00:00+00:00,1272
2021-11-14T19:00:00+00:00,1273
2021-11-14T22:00:00+00:00,1274
2021-11-14T23:00:00+00:00,1274
2021-11-15T02:00:00+00:00,1275
2021-11-15T05:00:00+00:00,1275
2021-11-15T11:00:00+00:00,1274
2021-11-15T14:00:00+00:00,1275
2021-11-15T18:00:00+00:00,1276
2021-11-15T21:00:00+00:00,1275
2021-11-15T23:00:00+00:00,1276
2021-11-16T02:00:00+00:00,1275
2021-11-16T04:00:00+00:00,1273
2021-11-16T06:00:00+00:00,1272
2021-11-16T07:00:00+00:00,1273
2021-11-16T08:00:00+00:00,1273
2021-11-16T09:00:00+00:00,1272
2021-11-16T10:00:00+00:00,1273
2021-11-16T15:00:00+00:00,1274
2021-11-16T19:00:00+00:00,1274
2021-11-16T22:00:00+00:00,1273
2021-11-17T05:00:00+00:00,1274
2021-11-17T07:00:00+00:00,1272
2021-11-17T13:00:00+00:00,1273
2021-11-17T14:00:00+00:00,1274
2021-11-17T19:00:00+00:00,1275
2021-11-17T20:00:00+00:00,1276
2021-11-18T02:00:00+00:00,1275
2021-11-18T04:00:00+00:00,1276
2021-11-18T07:00:00+00:00,1277
2021-11-18T08:00:00+00:00,1278
2021-11-18T09:00:00+00:00,1279
2021-11-18T10:00:00+00:00,1277
2021-11-18T14:00:00+00:00,1278
2021-11-18T16:00:00+00:00,1279
2021-11-18T17:00:00+00:00,1279
2021-11-18T22:00:00+00:00,1278
2021-11-18T23:00:00+00:00,1278
2021-11-19T00:00:00+00:00,1277
2021-11-19T03:00:00+00:00,1276
2021-11-19T05:00:00+00:00,1277
2021-11-19T07:00:00+00:00,1276
2021-11-19T08:00:00+00:00,1275
2021-11-19T09:00:00+00:00,1276
2021-11-19T19:00:00+00:00,1278
2021-11-19T20:00:00+00:00,1279
2021-11-19T22:00:00+00:00,1280
2021-11-20T04:00:00+00:00,1281
2021-11-20T10:00:00+00:00,1282
2021-11-20T11:00:00+00:00,1283
2021-11-20T16:00:00+00:00,1282
2021-11-20T17:00:00+00:00,1283
2021-11-20T21:00:00+00:00,1284
2021-11-21T00:00:00+00:00,1285
2021-11-21T04:00:00+00:00,1286
2021-11-21T09:00:00+00:00,1285
2021-11-21T19:00:00+00:00,1286
2021-11-22T05:00:00+00:00,1287
2021-11-22T06:00:00+00:00,1287
2021-11-22T07:00:00+00:00,1285
2021-11-22T08:00:00+00:00,1286
2021-11-22T10:00:00+00:00,1287
2021-11-22T16:00:00+00:00,1288
2021-11-22T17:00:00+00:00,1289
2021-11-22T18:00:00+00:00,1290
2021-11-22T19:00:00+00:00,1288
2021-11-22T20:00:00+00:00,1289
2021-11-22T22:00:00+00:00,1290
2021-11-23T01:00:00+00:00,1290
2021-11-23T08:00:00+00:00,1291
2021-11-23T11:00:00+00:00,1290
2021-11-23T17:00:00+00:00,1291
2021-11-23T21:00:00+00:00,1290
2021-11-23T23:00:00+00:00,1289
2021-11-24T01:00:00+00:00,1288
2021-11-24T05:00:00+00:00,1289
2021-11-24T06:00:00+00:00,1290
2021-11-24T12:00:00+00:00,1291
2021-11-24T18:00:00+00:00,1290
2021-11-25T09:00:00+00:00,1291
2021-11-25T12:00:00+00:00,1292
2021-11-25T14:00:00+00:00,1293
2021-11-25T15:00:00+00:00,1294
2021-11-25T18:00:00+00:00,1293
2021-11-25T23:00:00+00:00,1294
2021-11-26T00:00:00+00:00,1295
2021-11-26T01:00:00+00:00,1294
2021-11-26T04:00:00+00:00,1295
2021-11-26T10:00:00+00:00,1296
2021-11-26T11:00:00+00:00,1297
2021-11-26T12:00:00+00:00,1296
2021-11-26T19:00:00+00:00,1295
2021-11-26T23:00:00+00:00,1294
2021-11-27T00:00:00+00:00,1293
2021-11-27T03:00:00+00:00,1292
2021-11-27T05:00:00+00:00,1293
2021-11-27T11:00:00+00:00,1292
2021-11-27T17:00:00+00:00,1291
2021-11-27T18:00:00+00:00,1293
2021-11-27T21:00:00+00:00,1292
2021-11-27T23:00:00+00:00,1291
2021-11-28T03:00:00+00:00,1292
2021-11-28T04:00:00+00:00,1293
2021-11-28T05:00:00+00:00,1294
2021-11-28T06:00:00+00:00,1295
2021-11-28T07:00:00+00:00,1294
2021-11-28T10:00:00+00:00,1295
2021-11-28T13:00:00+00:00,1296
2021-11-28T17:00:00+00:00,1295
2021-11-28T19:00:00+00:00,1294
2021-11-29T01:00:00+00:00,1293
2021-11-29T04:00:00+00:00,1293
2021-11-29T05:00:00+00:00,1292
2021-11-29T06:00:00+00:00,1291
2021-11-29T08:00:00+00:00,1292
2021-11-29T09:00:00+00:00,1291
2021-11-29T10:00:00+00:00,1290
2021-11-29T12:00:00+00:00,1290
2021-11-29T16:00:00+00:00,1292
2021-11-29T19:00:00+00:00,1293
2021-11-29T23:00:00+00:00,1294
2021-11-30T02:00:00+00:00,1296
2021-11-30T15:00:00+00:00,1295
2021-11-30T18:00:00+00:00,1294
2021-11-30T21:00:00+00:00,1293
2021-11-30T22:00:00+00:00,1294
2021-12-01T01:00:00+00:00,1295
2021-12-01T07:00:00+00:00,1296
2021-12-01T11:00:00+00:00,1298
2021-12-01T17:00:00+00:00,1300
2021-12-02T01:00:00+00:00,1301
2021-12-02T03:00:00+00:00,1302
2021-12-02T07:00:00+00:00,1303
2021-12-02T09:00:00+00:00,1304
2021-12-02T11:00:00+00:00,1303
2021-12-02T14:00:00+00:00,1304
2021-12-02T23:00:00+00:00,1305
2021-12-03T10:00:00+00:00,1304
2021-12-03T11:00:00+00:00,1306
2021-12-03T15:00:00+00:00,1306
2021-12-03T18:00:00+00:00,1305
2021-12-03T19:00:00+00:00,1305
2021-12-03T21:00:00+00:00,1306
2021-12-04T01:00:00+00:00,1307
2021-12-04T05:00:00+00:00,1297
2021-12-04T06:00:00+00:00,1298
2021-12-04T07:00:00+00:00,1296
2021-12-04T09:00:00+00:00,1296
2021-12-04T11:00:00+00:00,1294
2021-12-04T12:00:00+00:00,1293
2021-12-04T13:00:00+00:00,1292
2021-12-04T14:00:00+00:00,1292
2021-12-04T15:00:00+00:00,1292
2021-12-04T17:00:00+00:00,1293
2021-12-04T19:00:00+00:00,1294
2021-12-04T20:00:00+00:00,1294
2021-12-04T21:00:00+00:00,1293
2021-12-05T03:00:00+00:00,1294
2021-12-05T05:00:00+00:00,1293
2021-12-05T08:00:00+00:00,1294
2021-12-05T11:00:00+00:00,1293
2021-12-05T12:00:00+00:00,1291
2021-12-05T18:00:00+00:00,1290
2021-12-05T19:00:00+00:00,1289
2021-12-06T03:00:00+00:00,1290
2021-12-06T04:00:00+00:00,1289
2021-12-06T07:00:00+00:00,1288
2021-12-06T11:00:00+00:00,1288
2021-12-06T13:00:00+00:00,1287
2021-12-06T14:00:00+00:00,1286
2021-12-06T16:00:00+00:00,1287
2021-12-07T00:00:00+00:00,1286
2021-12-07T01:00:00+00:00,1285
2021-12-07T02:00:00+00:00,1284
2021-12-07T07:00:00+00:00,1285
2021-12-07T09:00:00+00:00,1286
2021-12-07T11:00:00+00:00,1287
2021-12-07T12:00:00+00:00,1288
2021-12-07T13:00:00+00:00,1287
2021-12-07T14:00:00+00:00,1286
2021-12-07T18:00:00+00:00,1285
2021-12-07T19:00:00+00:00,1284
2021-12-07T20:00:00+00:00,1283
2021-12-07T22:00:00+00:00,1282
2021-12-07T23:00:00+00:00,1282
2021-12-08T02:00:00+00:00,1283
2021-12-08T05:00:00+00:00,1284
2021-12-08T12:00:00+00:00,1283
2021-12-08T15:00:00+00:00,1282
2021-12-08T16:00:00+00:00,1283
2021-12-08T20:00:00+00:00,1282
2021-12-09T01:00:00+00:00,1281
2021-12-09T03:00:00+00:00,1280
2021-12-09T07:00:00+00:00,1281
2021-12-09T08:00:00+00:00,1283
2021-12-09T10:00:00+00:00,1282
2021-12-09T18:00:00+00:00,1283
2021-12-09T19:00:00+00:00,1282
2021-12-09T20:00:00+00:00,1283
2021-12-09T23:00:00+00:00,1281
2021-12-10T01:00:00+00:00,1280
2021-12-10T03:00:00+00:00,1281
2021-12-10T04:00:00+00:00,1280
2021-12-10T05:00:00+00:00,1279
2021-12-10T07:00:00+00:00,1278
2021-12-10T08:00:00+00:00,1278
2021-12-10T09:00:00+00:00,1277
2021-12-10T11:00:00+00:00,1280
2021-12-10T12:00:00+00:00,1280
2021-12-10T13:00:00+00:00,1281
2021-12-10T14:00:00+00:00,1280
2021-12-10T16:00:00+00:00,1279
2021-12-10T17:00:00+00:00,1278
2021-12-10T18:00:00+00:00,1277
2021-12-10T21:00:00+00:00,1278
2021-12-11T02:00:00+00:00,1277
2021-12-11T06:00:00+00:00,1278
2021-12-11T12:00:00+00:00,1279
2021-12-11T13:00:00+00:00,1280
2021-12-11T15:00:00+00:00,1281
2021-12-11T23:00:00+00:00,1281
2021-12-12T04:00:00+00:00,1282
2021-12-12T07:00:00+00:00,1281
2021-12-12T09:00:00+00:00,1280
2021-12-12T13:00:00+00:00,1281
2021-12-12T14:00:00+00:00,1281
2021-12-12T18:00:00+00:00,1282
2021-12-12T19:00:00+00:00,1281
2021-12-12T21:00:00+00:00,1281
2021-12-12T22:00:00+00:00,1282
2021-12-13T03:00:00+00:00,1283
2021-12-13T08:00:00+00:00,1284
2021-12-13T11:00:00+00:00,1285
2021-12-13T12:00:00+00:00,1285
2021-12-13T14:00:00+00:00,1284
2021-12-13T16:00:00+00:00,1284
2021-12-13T19:00:00+00:00,1283
2021-12-13T22:00:00+00:00,1284
2021-12-13T23:00:00+00:00,1283
2021-12-14T07:00:00+00:00,1281
2021-12-14T11:00:00+00:00,1282
2021-12-14T19:00:00+00:00,1281
2021-12-14T20:00:00+00:00,1280
2021-12-15T01:00:00+00:00,1281
2021-12-15T05:00:00+00:00,1282
2021-12-15T07:00:00+00:00,1283
2021-12-15T08:00:00+00:00,1282
2021-12-15T09:00:00+00:00,1282
2021-12-15T10:00:00+00:00,1282
2021-12-15T12:00:00+00:00,1282
2021-12-15T16:00:00+00:00,1278
2021-12-15T18:00:00+00:00,1277
2021-12-15T19:00:00+00:00,1275
2021-12-15T20:00:00+00:00,1273
2021-12-16T10:00:00+00:00,1274
2021-12-16T20:00:00+00:00,1275
2021-12-17T03:00:00+00:00,1276
2021-12-17T04:00:00+00:00,1275
2021-12-17T06:00:00+00:00,1276
2021-12-17T07:00:00+00:00,1275
